v 5.934738 5.704421 1.0
v 5.934738 6.009116 1.0
v 5.70174 6.009116 1.0
newmtl 1
Ka 0.2980392156862745 0.2980392156862745 0.2980392156862745
Kd 0.20784313725490197 0.20784313725490197 0.20784313725490197
Ks 0.01568627450980392 0.01568627450980392 0.01568627450980392
d 0.0
endmtl
v 4.372354 -12.360223 1.0
v 4.408725 -12.355433 1.0
v 4.408725 -11.85 1.0
v 8.928205 5.651283 1.0
v 9.0 5.66 1.0
v 9.0 5.704421 1.0
v -8.922355 -11.439778 1.0
v -9.0 -11.45 1.0
v -9.0 -12.65 1.0
v 4.408725 6.686316 1.0
v 5.24704 7.207934 1.0
v 5.70174 12.65 1.0
v 5.539025 6.738672 1.0
v 4.408725 6.125216 1.0
v 4.157039 6.529712 1.0
v 4.0 6.009116 1.0
v 3.777646 7.439778 1.0
v 3.85 7.409808 1.0
v 4.408725 12.65 1.0
v 3.912132 7.362132 1.0
v 3.959808 7.3 1.0
v 3.989778 7.227646 1.0
v 4.0 7.15 1.0
v 5.041407 5.957784 1.0
v 5.199055 5.704421 1.0
v 5.70174 5.704421 1.0
v 5.25931 5.607582 1.0
v 4.408725 5.704421 1.0
v 4.408725 5.226884 1.0
v 4.878314 5.370518 1.0
v 5.70174 5.226884 1.0
v 6.358963 5.226884 1.0
v 6.358963 5.08325 1.0
v 7.937355 4.902092 1.0
v 7.85 3.409808 1.0
v 7.912132 3.362132 1.0
v 7.937355 4.350745 1.0
v 6.024152 4.902092 1.0
v 5.934738 5.08325 1.0
v 6.024152 4.350745 1.0
v 5.934738 3.45 1.0
v 7.7 3.45 1.0
v 7.777646 3.439778 1.0
v 7.937355 5.226884 1.0
v 7.937355 5.704421 1.0
v 6.358963 5.593087 1.0
v 5.934738 5.593087 1.0
v 5.864454 5.226884 1.0
v 5.864454 5.593087 1.0
v 5.70174 3.45 1.0
v 5.864454 5.08325 1.0
v 8.719496 3.983619 1.0
v 8.702188 4.053839 1.0
v 7.975618 4.350745 1.0
v 9.0 3.12 1.0
v 9.0 3.79 1.0
v 8.928205 3.798717 1.0
v 7.937355 3.329262 1.0
v 8.0 -3.749628 1.0
v 8.753105 -3.700419 1.0
v 8.719496 -3.636381 1.0
v 8.860583 3.824363 1.0
v 8.801064 3.865447 1.0
v 8.753105 3.91958 1.0
v 8.733527 5.226884 1.0
v 7.975618 4.902092 1.0
v 8.753105 5.18958 1.0
v 8.801064 5.135447 1.0
v 8.702188 4.126161 1.0
v 8.719496 4.196382 1.0
v 8.753105 4.260419 1.0
v 8.801064 4.314553 1.0
v 8.702188 -3.566161 1.0
v 8.702188 -3.493839 1.0
v 8.719496 -3.423619 1.0
v 8.0 3.15 1.0
v 8.702188 2.783839 1.0
v 8.702188 2.856161 1.0
v 8.860583 5.094363 1.0
v 8.928205 5.068717 1.0
v 8.801064 -2.484553 1.0
v 8.753105 -2.430419 1.0
v 8.860583 -3.264363 1.0
v 8.719496 -2.366381 1.0
v 8.702188 -2.296161 1.0
v 8.801064 3.044553 1.0
v 8.860583 3.085637 1.0
v 7.989778 3.227646 1.0
v 9.0 4.39 1.0
v 9.0 5.06 1.0
v 8.928205 4.381283 1.0
v 8.860583 4.355637 1.0
v 8.753105 -3.359581 1.0
v 8.801064 -3.305447 1.0
v 9.0 -3.23 1.0
v 9.0 -2.56 1.0
v 8.928205 -3.238718 1.0
v 8.928205 -2.551282 1.0
v 8.860583 -2.525637 1.0
v 8.702188 -0.953839 1.0
v 8.702188 -1.026161 1.0
v 8.753105 2.99042 1.0
v 7.959807 3.3 1.0
v 8.928205 3.111283 1.0
v 8.860583 0.014363 1.0
v 8.801064 0.055447 1.0
v 8.753105 0.109581 1.0
v 8.753105 -0.819581 1.0
v 8.801064 -0.765447 1.0
v 8.928205 -0.011283 1.0
v 8.719496 2.926382 1.0
v 8.702188 -2.223839 1.0
v 8.719496 -2.153619 1.0
v 8.753105 -2.089581 1.0
v 8.801064 -2.035447 1.0
v 8.860583 -1.994363 1.0
v 8.719496 -1.096381 1.0
v 8.753105 -1.160419 1.0
v 8.928205 -1.968717 1.0
v 9.0 -1.96 1.0
v 9.0 -1.29 1.0
v 8.719496 -0.883619 1.0
v 8.719496 0.386381 1.0
v 8.753105 0.450419 1.0
v 8.801064 0.504553 1.0
v 8.860583 0.545637 1.0
v 8.753105 1.720419 1.0
v 8.801064 1.774553 1.0
v 8.928205 2.528718 1.0
v 8.928205 -1.281283 1.0
v 8.860583 -1.255637 1.0
v 8.801064 -1.214553 1.0
v 9.0 -0.69 1.0
v 9.0 -0.02 1.0
v 8.928205 -0.698717 1.0
v 8.860583 -0.724363 1.0
v 8.719496 0.173619 1.0
v 8.702188 0.243839 1.0
v 8.702188 0.316161 1.0
v 8.860583 2.554363 1.0
v 8.801064 2.595447 1.0
v 8.702188 1.586161 1.0
v 8.753105 2.64958 1.0
v 8.719496 2.713619 1.0
v 8.860583 1.284363 1.0
v 8.801064 1.325447 1.0
v 8.928205 0.571283 1.0
v 8.719496 1.656381 1.0
v 9.0 1.85 1.0
v 9.0 2.52 1.0
v 8.928205 1.841283 1.0
v 8.860583 1.815637 1.0
v 8.753105 1.379581 1.0
v 8.719496 1.443619 1.0
v 8.702188 1.513839 1.0
v 9.0 0.58 1.0
v 9.0 1.25 1.0
v 8.928205 1.258718 1.0
v -7.912132 -11.762132 1.0
v -8.7 -11.15 1.0
v -8.710222 -11.227646 1.0
v -8.849999 -11.409808 1.0
v -8.740192 -4.65 1.0
v -8.710222 -4.722354 1.0
v -8.0 -3.749628 1.0
v -8.7 -4.8 1.0
v -8.710222 -4.877645 1.0
v -7.7 -11.85 1.0
v -5.922132 -12.437868 1.0
v -5.86 -12.390193 1.0
v -8.740192 -4.95 1.0
v -8.787868 -5.012132 1.0
v -8.710222 -5.992354 1.0
v -8.710222 -8.532354 1.0
v -8.7 -8.61 1.0
v -8.740192 -8.759999 1.0
v -8.787868 -8.822132 1.0
v -8.710222 -9.802355 1.0
v -8.922355 -8.899778 1.0
v -9.0 -8.91 1.0
v -9.0 -9.58 1.0
v -8.0 -11.55 1.0
v -8.7 -9.88 1.0
v -8.710222 -9.957646 1.0
v -8.922355 -10.169778 1.0
v -9.0 -10.18 1.0
v -9.0 -10.85 1.0
v -5.632354 -12.360223 1.0
v -1.921481 -11.85 1.0
v -5.71 -12.35 1.0
v -5.787646 -12.360223 1.0
v -7.85 -11.809807 1.0
v -8.740192 -11.3 1.0
v -8.787868 -11.362132 1.0
v -8.797636 -3.749628 1.0
v -8.849999 -4.540193 1.0
v -8.787868 -4.587868 1.0
v -8.922355 -3.819778 1.0
v -9.0 -3.83 1.0
v -9.0 -4.5 1.0
v -8.710222 -8.687646 1.0
v -8.710222 -11.072354 1.0
v -7.959807 -11.7 1.0
v -7.989778 -11.627646 1.0
v -7.777646 -11.839778 1.0
v -5.999778 -12.572354 1.0
v -5.969808 -12.5 1.0
v -3.17 -12.35 1.0
v -3.092354 -12.360223 1.0
v -8.849999 -3.789808 1.0
v -8.922355 -4.510222 1.0
v -8.7 -6.07 1.0
v -8.922355 -9.590222 1.0
v -8.849999 -9.620193 1.0
v -8.787868 -9.667868 1.0
v -8.849999 -8.869807 1.0
v -8.740192 -9.73 1.0
v -8.922355 -10.860223 1.0
v -8.849999 -10.890192 1.0
v -8.787868 -10.937868 1.0
v -6.01 -12.65 1.0
v -8.740192 -7.49 1.0
v -8.787868 -7.552132 1.0
v -8.922355 -8.320223 1.0
v -8.7 -7.34 1.0
v -8.710222 -6.147646 1.0
v -8.710222 -7.262354 1.0
v -8.740192 -6.22 1.0
v -8.787868 -6.282132 1.0
v -8.740192 -11.0 1.0
v -8.849999 -10.139808 1.0
v -8.787868 -10.092132 1.0
v -8.740192 -10.03 1.0
v -3.247646 -12.360223 1.0
v -8.710222 -7.417646 1.0
v -8.849999 -8.350193 1.0
v -8.787868 -8.397868 1.0
v -8.740192 -8.46 1.0
v -4.29 -12.390193 1.0
v -4.362354 -12.360223 1.0
v -4.44 -12.35 1.0
v -4.517645 -12.360223 1.0
v -5.56 -12.390193 1.0
v -5.497868 -12.437868 1.0
v -8.922355 -5.089777 1.0
v -9.0 -5.1 1.0
v -9.0 -5.77 1.0
v -5.420222 -12.572354 1.0
v -5.41 -12.65 1.0
v -4.74 -12.65 1.0
v -3.02 -12.390193 1.0
v -2.957868 -12.437868 1.0
v -2.910192 -12.5 1.0
v -8.922355 -5.780222 1.0
v -8.849999 -5.810192 1.0
v -8.849999 -5.059808 1.0
v -8.787868 -5.857868 1.0
v -8.740192 -5.92 1.0
v -9.0 -7.64 1.0
v -9.0 -8.31 1.0
v -8.922355 -7.629778 1.0
v -8.849999 -7.599808 1.0
v -4.729777 -12.572354 1.0
v -4.699808 -12.5 1.0
v -5.450192 -12.5 1.0
v -4.652132 -12.437868 1.0
v -4.59 -12.390193 1.0
v -2.880222 -12.572354 1.0
v -2.87 -12.65 1.0
v -2.2 -12.65 1.0
v -8.922355 -6.359778 1.0
v -9.0 -6.37 1.0
v -9.0 -7.04 1.0
v -4.227868 -12.437868 1.0
v -4.180192 -12.5 1.0
v -3.32 -12.390193 1.0
v -3.382132 -12.437868 1.0
v -2.189778 -12.572354 1.0
v -2.159808 -12.5 1.0
v -2.112132 -12.437868 1.0
v -2.05 -12.390193 1.0
v -8.922355 -7.050222 1.0
v -8.849999 -7.080192 1.0
v -8.849999 -6.329807 1.0
v -8.787868 -7.127868 1.0
v -8.740192 -7.19 1.0
v -4.14 -12.65 1.0
v -3.47 -12.65 1.0
v -4.150222 -12.572354 1.0
v -3.459778 -12.572354 1.0
v -3.429808 -12.5 1.0
v -8.740192 5.21 1.0
v -8.787868 5.147868 1.0
v -8.710222 4.167646 1.0
v -8.710222 4.012354 1.0
v -8.0 5.226884 1.0
v -8.710222 5.282354 1.0
v -8.733199 5.226884 1.0
v -8.7 4.09 1.0
v -8.7 1.55 1.0
v -8.710222 1.472354 1.0
v -8.922355 5.070222 1.0
v -9.0 5.06 1.0
v -9.0 4.39 1.0
v -8.787868 3.877868 1.0
v -8.922355 3.109778 1.0
v -8.740192 3.94 1.0
v -8.849999 3.079808 1.0
v -8.787868 3.032132 1.0
v -8.740192 2.97 1.0
v -8.7 -0.99 1.0
v -8.710222 -1.067646 1.0
v -8.710222 -3.607646 1.0
v -8.7 -3.53 1.0
v -8.710222 -3.452354 1.0
v -8.740192 -3.68 1.0
v -8.787868 -3.742132 1.0
v -8.922355 4.379778 1.0
v -8.849999 4.349808 1.0
v -8.849999 5.100193 1.0
v -8.787868 4.302132 1.0
v -8.740192 4.24 1.0
v -9.0 3.79 1.0
v -9.0 3.12 1.0
v -8.922355 3.800222 1.0
v -8.849999 3.830192 1.0
v -8.787868 2.607868 1.0
v -8.710222 1.627646 1.0
v -8.740192 2.67 1.0
v -8.710222 2.742354 1.0
v -8.710222 2.897646 1.0
v -8.7 2.82 1.0
v -8.787868 0.067868 1.0
v -8.710222 -0.912354 1.0
v -8.740192 0.13 1.0
v -8.710222 0.202354 1.0
v -8.922355 -0.009778 1.0
v -9.0 -0.02 1.0
v -9.0 -0.69 1.0
v -8.787868 -2.472132 1.0
v -8.922355 -3.240222 1.0
v -8.740192 -2.41 1.0
v -8.710222 -2.337646 1.0
v -8.922355 2.530222 1.0
v -9.0 2.52 1.0
v -9.0 1.85 1.0
v -8.7 0.28 1.0
v -8.710222 0.357646 1.0
v -8.740192 1.4 1.0
v -8.787868 1.337868 1.0
v -8.922355 1.260222 1.0
v -9.0 1.25 1.0
v -9.0 0.58 1.0
v -8.849999 -2.000192 1.0
v -8.787868 -2.047868 1.0
v -9.0 -2.56 1.0
v -9.0 -3.23 1.0
v -8.922355 -2.549778 1.0
v -8.849999 -2.519808 1.0
v -8.849999 -3.270192 1.0
v -8.787868 -3.317868 1.0
v -8.740192 -3.38 1.0
v -8.922355 -0.700222 1.0
v -8.849999 -0.730192 1.0
v -8.787868 -0.777868 1.0
v -8.849999 0.020192 1.0
v -8.740192 -0.84 1.0
v -8.740192 -2.11 1.0
v -8.710222 -2.182354 1.0
v -8.7 -2.26 1.0
v -8.922355 1.839778 1.0
v -8.849999 1.809808 1.0
v -8.787868 1.762132 1.0
v -8.849999 2.560193 1.0
v -8.740192 1.7 1.0
v -8.922355 0.569778 1.0
v -8.849999 0.539808 1.0
v -8.787868 0.492132 1.0
v -8.849999 1.290192 1.0
v -8.740192 0.43 1.0
v -8.922355 -1.970222 1.0
v -8.740192 -1.14 1.0
v -8.787868 -1.202132 1.0
v -9.0 -1.29 1.0
v -9.0 -1.96 1.0
v -8.922355 -1.279778 1.0
v -8.849999 -1.249808 1.0
v -8.849999 5.619808 1.0
v -8.787868 5.572132 1.0
v -8.0 5.704421 1.0
v -8.922355 5.649777 1.0
v -8.740192 5.51 1.0
v -8.710222 5.437645 1.0
v -8.7 5.36 1.0
v 8.719496 5.253619 1.0
v 8.702188 5.323839 1.0
v 8.702188 5.396161 1.0
v 8.719496 5.466382 1.0
v 8.753105 5.530419 1.0
v 8.801064 5.584553 1.0
v 8.860583 5.625637 1.0
v 8.928205 -3.821283 1.0
v 8.860583 -3.795637 1.0
v 8.801064 -4.575447 1.0
v 8.801064 -3.754553 1.0
v 8.753105 -4.629581 1.0
v 8.860583 -8.875636 1.0
v 8.801064 -8.834553 1.0
v 8.928205 -9.588717 1.0
v 8.860583 -10.145638 1.0
v 8.801064 -10.104553 1.0
v 8.928205 -10.858717 1.0
v 8.753105 -10.05042 1.0
v 9.0 -4.5 1.0
v 9.0 -3.83 1.0
v 8.928205 -4.508718 1.0
v 8.860583 -4.534363 1.0
v 8.860583 -11.415637 1.0
v 8.801064 -11.374554 1.0
v 7.937355 -12.65 1.0
v 8.719496 -11.256382 1.0
v 8.702188 -11.186161 1.0
v 8.0 -11.55 1.0
v 8.702188 -11.113839 1.0
v 8.753105 -8.78042 1.0
v 8.719496 -8.716381 1.0
v 8.702188 -8.646161 1.0
v 9.0 -10.85 1.0
v 9.0 -10.18 1.0
v 8.928205 -10.171282 1.0
v 7.97029 -11.680165 1.0
v 7.937355 -11.732583 1.0
v 8.753105 -11.320419 1.0
v 8.719496 -9.986381 1.0
v 8.702188 -9.916162 1.0
v 8.860583 -10.884363 1.0
v 9.0 -8.31 1.0
v 9.0 -7.64 1.0
v 8.928205 -8.318718 1.0
v 8.928205 -7.631282 1.0
v 8.860583 -7.605637 1.0
v 8.801064 -7.564553 1.0
v 8.753105 -7.510419 1.0
v 9.0 -9.58 1.0
v 9.0 -8.91 1.0
v 8.928205 -8.901282 1.0
v 8.928205 -11.441283 1.0
v 9.0 -12.65 1.0
v 9.0 -11.45 1.0
v 7.992478 -11.616756 1.0
v 8.719496 -9.773619 1.0
v 8.702188 -9.84384 1.0
v 8.702188 -8.573839 1.0
v 8.719496 -8.503618 1.0
v 8.753105 -8.439581 1.0
v 8.719496 -11.043618 1.0
v 8.753105 -10.979581 1.0
v 8.801064 -10.925447 1.0
v 8.753105 -9.70958 1.0
v 8.801064 -9.655447 1.0
v 8.860583 -9.614364 1.0
v 8.702188 -7.376161 1.0
v 8.702188 -7.303839 1.0
v 8.719496 -7.233619 1.0
v 8.801064 -8.385447 1.0
v 8.860583 -8.344363 1.0
v 8.719496 -7.446381 1.0
v 8.801064 -7.115447 1.0
v 8.928205 -6.361282 1.0
v 8.860583 -6.335637 1.0
v 8.702188 -6.106161 1.0
v 8.702188 -6.033839 1.0
v 8.801064 -6.294553 1.0
v 8.753105 -6.240419 1.0
v 8.719496 -6.176382 1.0
v 8.753105 -7.16958 1.0
v 9.0 -7.04 1.0
v 9.0 -6.37 1.0
v 8.928205 -7.048717 1.0
v 8.860583 -7.074363 1.0
v 8.719496 -5.963618 1.0
v 8.753105 -5.89958 1.0
v 8.801064 -5.845447 1.0
v 8.801064 -5.024553 1.0
v 8.860583 -5.065637 1.0
v 8.928205 -5.091282 1.0
v 8.753105 -4.970419 1.0
v 8.719496 -4.906382 1.0
v 8.702188 -4.836161 1.0
v 8.702188 -4.763839 1.0
v 8.7967 -3.749628 1.0
v 8.719496 -4.693618 1.0
v 9.0 -5.77 1.0
v 9.0 -5.1 1.0
v 8.928205 -5.778718 1.0
v 8.860583 -5.804363 1.0
v 6.009778 -12.572354 1.0
v 7.830165 -11.820291 1.0
v 5.979807 -12.5 1.0
v 7.766756 -11.842478 1.0
v 5.934738 -12.441263 1.0
v 7.93455 -11.737047 1.0
v 6.02 -12.65 1.0
v 7.887047 -11.78455 1.0
v 5.934738 -11.85 1.0
v 5.797646 -12.360223 1.0
v 5.87 -12.390193 1.0
v 5.72 -12.35 1.0
v 5.70174 -11.85 1.0
v 5.70174 -12.352405 1.0
v 7.7 -11.85 1.0
v 5.932132 -12.437868 1.0
v 4.45 -12.35 1.0
v 4.527646 -12.360223 1.0
v 5.507868 -12.437868 1.0
v 5.57 -12.390193 1.0
v 5.642354 -12.360223 1.0
v 4.739778 -12.572354 1.0
v 4.75 -12.65 1.0
v 5.42 -12.65 1.0
v 4.6 -12.390193 1.0
v 4.662132 -12.437868 1.0
v 4.709808 -12.5 1.0
v 5.460193 -12.5 1.0
v 5.430222 -12.572354 1.0
v 1.91 -12.35 1.0
v 1.987646 -12.360223 1.0
v 3.18 -12.35 1.0
v 3.257646 -12.360223 1.0
v -1.977646 -12.360223 1.0
v -1.921481 -12.352828 1.0
v -1.9 -12.35 1.0
v 3.102354 -12.360223 1.0
v 2.199778 -12.572354 1.0
v 2.21 -12.65 1.0
v 2.88 -12.65 1.0
v -1.610222 -12.572354 1.0
v -0.889808 -12.5 1.0
v -0.842132 -12.437868 1.0
v -0.707646 -12.360223 1.0
v -0.63 -12.35 1.0
v -0.552354 -12.360223 1.0
v 1.76 -12.390193 1.0
v 1.832354 -12.360223 1.0
v 0.717646 -12.360223 1.0
v 2.06 -12.390193 1.0
v 2.122132 -12.437868 1.0
v 3.392132 -12.437868 1.0
v 4.237868 -12.437868 1.0
v 3.33 -12.390193 1.0
v 3.439808 -12.5 1.0
v 3.469778 -12.572354 1.0
v 4.190193 -12.5 1.0
v 4.3 -12.390193 1.0
v -1.687868 -12.437868 1.0
v -1.75 -12.390193 1.0
v -1.822354 -12.360223 1.0
v -1.6 -12.65 1.0
v -0.93 -12.65 1.0
v -0.919778 -12.572354 1.0
v -1.640192 -12.5 1.0
v -0.78 -12.390193 1.0
v 2.890222 -12.572354 1.0
v 2.920192 -12.5 1.0
v 2.967868 -12.437868 1.0
v 2.169808 -12.5 1.0
v 3.03 -12.390193 1.0
v 3.48 -12.65 1.0
v 4.15 -12.65 1.0
v 4.160222 -12.572354 1.0
v 0.852132 -12.437868 1.0
v 0.899808 -12.5 1.0
v 1.697868 -12.437868 1.0
v 0.64 -12.35 1.0
v 0.562354 -12.360223 1.0
v -0.48 -12.390193 1.0
v -0.417868 -12.437868 1.0
v -0.370192 -12.5 1.0
v -0.340222 -12.572354 1.0
v 0.49 -12.390193 1.0
v 0.79 -12.390193 1.0
v -0.33 -12.65 1.0
v 0.34 -12.65 1.0
v 0.350222 -12.572354 1.0
v 0.380192 -12.5 1.0
v 0.427868 -12.437868 1.0
v 0.94 -12.65 1.0
v 1.61 -12.65 1.0
v 0.929778 -12.572354 1.0
v 1.620222 -12.572354 1.0
v 1.650192 -12.5 1.0
v 4.222354 3.460222 1.0
v 4.3 3.45 1.0
v 4.010222 3.672354 1.0
v 4.15 3.490192 1.0
v 4.040192 3.6 1.0
v 4.087868 3.537868 1.0
v 4.449024 6.060449 1.0
v 4.408725 6.009116 1.0
v 4.0 5.704421 1.0
v 4.0 5.226884 1.0
v 4.0 3.75 1.0
v -7.989778 7.227646 1.0
v -9.0 12.65 1.0
v -8.0 7.15 1.0
v -9.0 6.009116 1.0
v -7.959807 7.3 1.0
v -7.912132 7.362132 1.0
v -7.85 7.409808 1.0
v -7.777646 7.439778 1.0
v -7.7 7.45 1.0
v -1.921481 12.65 1.0
v -1.921481 7.45 1.0
v 3.7 7.45 1.0
v -9.0 5.66 1.0
v -9.0 5.704421 1.0
v -8.0 6.009116 1.0
v 4.408725 3.45 1.0
v 5.934738 12.65 1.0
v 6.00502 6.382855 1.0
v 7.937355 12.65 1.0
v 7.899091 6.382855 1.0
v 7.937355 6.009116 1.0
v 7.899091 6.009116 1.0
v 7.899091 5.815754 1.0
v 6.00502 5.815754 1.0
v 6.00502 6.009116 1.0
v 9.0 12.65 1.0
v 9.0 6.009116 1.0
v 4.670553 5.704421 1.0
v 4.660412 5.72072 1.0
v -8.0 7.15 2.7
newmtl 2
Ka 0.6470588235294118 0.6196078431372549 0.5882352941176471
Kd 0.6470588235294118 0.6196078431372549 0.5882352941176471
Ks 0.45098039215686275 0.43529411764705883 0.4117647058823529
d 0.0
endmtl
v -8.0 -11.55 2.7
v 7.7 -11.85 2.7
v -7.7 -11.85 2.7
v 8.0 3.15 2.7
v 8.0 -11.55 2.7
v 7.7 3.45 2.7
v 4.3 3.45 2.7
v 4.0 7.15 2.7
v 4.0 3.75 2.7
v -7.7 7.45 2.7
v 3.7 7.45 2.7
v 3.7 3.75 3.0
v 3.7 7.15 3.0
v -7.7 7.15 3.0
v -7.7 -11.55 3.0
v 4.144709 3.170444 3.0
v 4.0 3.230385 3.0
v 4.3 3.15 3.0
v 7.7 -11.55 3.0
v 7.7 3.15 3.0
v 3.875736 3.325736 3.0
v 3.780385 3.45 3.0
v 3.720444 3.594709 3.0
v 7.989778 3.227646 2.7
v 7.959807 3.3 2.7
v 7.912132 3.362132 2.7
v 7.85 3.409808 2.7
v 7.777646 3.439778 2.7
v 7.989778 3.15 2.777646
v 7.989778 -11.55 2.777646
v 7.959807 3.15 2.85
v 7.959807 -11.55 2.85
v 7.912132 3.15 2.912132
v 7.912132 -11.55 2.912132
v 7.85 3.15 2.959808
v 7.85 -11.55 2.959808
v 7.777646 3.15 2.989778
v 7.777646 -11.55 2.989778
v 7.887047 -11.78455 2.7
v 7.830165 -11.820291 2.7
v 7.766756 -11.842478 2.7
v 7.97029 -11.680165 2.7
v 7.93455 -11.737047 2.7
v 7.992478 -11.616756 2.7
v 7.7 3.439778 2.777646
v 7.775 3.429904 2.777646
v 7.775 3.279904 2.959808
v 7.738823 3.217243 2.989778
v 7.754904 3.204904 2.989778
v 7.775 3.170096 2.989778
v 7.720096 3.225 2.989778
v 7.738823 3.294889 2.959808
v 7.754904 3.354904 2.912132
v 7.7 3.227646 2.989778
v 7.806066 3.256066 2.959808
v 7.767243 3.188823 2.989778
v 7.829904 3.225 2.959808
v 7.844889 3.188823 2.959808
v 7.7 3.3 2.959808
v 7.7 3.362132 2.912132
v 7.7 3.409808 2.85
v 7.806066 3.333712 2.912132
v 7.85 3.3 2.912132
v 7.883712 3.256066 2.912132
v 7.904904 3.204904 2.912132
v 7.767243 3.400955 2.85
v 7.829904 3.375 2.85
v 7.883712 3.333712 2.85
v 7.925 3.279904 2.85
v 7.950955 3.217243 2.85
v 7.844889 3.400955 2.777646
v 7.904904 3.354904 2.777646
v 7.950955 3.294889 2.777646
v 7.979903 3.225 2.777646
v 7.766593 -11.841233 2.7
v 7.777646 -11.839778 2.7
v 7.775 -11.829904 2.777646
v 7.829363 -11.818356 2.7
v 7.85 -11.809807 2.7
v 7.844889 -11.800955 2.777646
v 7.885517 -11.782555 2.7
v 7.912132 -11.762132 2.7
v 7.904904 -11.754904 2.777646
v 7.932555 -11.735517 2.7
v 7.959807 -11.7 2.7
v 7.950955 -11.694888 2.777646
v 7.968356 -11.679363 2.7
v 7.989778 -11.627646 2.7
v 7.979903 -11.625 2.777646
v 7.991233 -11.616592 2.7
v 7.950955 -11.617243 2.85
v 7.904904 -11.604904 2.912132
v 7.844889 -11.588823 2.959808
v 7.775 -11.570096 2.989778
v 7.925 -11.679904 2.85
v 7.883712 -11.656066 2.912132
v 7.829904 -11.625 2.959808
v 7.767243 -11.588823 2.989778
v 7.883712 -11.733711 2.85
v 7.85 -11.7 2.912132
v 7.806066 -11.656066 2.959808
v 7.754904 -11.604904 2.989778
v 7.829904 -11.775 2.85
v 7.806066 -11.733711 2.912132
v 7.775 -11.679904 2.959808
v 7.738823 -11.617243 2.989778
v 7.767243 -11.800955 2.85
v 7.754904 -11.754904 2.912132
v 7.738823 -11.694888 2.959808
v 7.720096 -11.625 2.989778
v 7.7 -11.839778 2.777646
v 7.7 -11.809807 2.85
v 7.7 -11.762132 2.912132
v 7.7 -11.7 2.959808
v 7.7 -11.627646 2.989778
v 4.010222 3.672354 2.7
v 4.040192 3.6 2.7
v 4.087868 3.537868 2.7
v 4.15 3.490192 2.7
v 4.222354 3.460222 2.7
v 4.3 3.439778 2.777646
v 4.3 3.409808 2.85
v 4.3 3.362132 2.912132
v 4.3 3.3 2.959808
v 4.3 3.227646 2.989778
v -7.7 -11.839778 2.777646
v -7.7 -11.809807 2.85
v -7.7 -11.762132 2.912132
v -7.7 -11.7 2.959808
v -7.7 -11.627646 2.989778
v -7.989778 -11.627646 2.7
v -7.959807 -11.7 2.7
v -7.912132 -11.762132 2.7
v -7.85 -11.809807 2.7
v -7.777646 -11.839778 2.7
v 3.777646 3.75 2.989778
v 3.795444 3.614805 2.989778
v 3.85 3.75 2.959808
v 3.865333 3.633532 2.959808
v 3.912132 3.75 2.912132
v 3.925348 3.649612 2.912132
v 3.959808 3.75 2.85
v 3.971399 3.661952 2.85
v 3.989778 3.75 2.777646
v 4.000349 3.669708 2.777646
v 3.847628 3.488823 2.989778
v 3.910289 3.525 2.959808
v 3.964096 3.556066 2.912132
v 4.005384 3.579904 2.85
v 4.03134 3.594889 2.777646
v 3.93064 3.38064 2.989778
v 3.981802 3.431802 2.959808
v 4.025736 3.475736 2.912132
v 4.059447 3.509448 2.85
v 4.08064 3.53064 2.777646
v 4.038823 3.297628 2.989778
v 4.075 3.360289 2.959808
v 4.106066 3.414097 2.912132
v 4.129904 3.455385 2.85
v 4.144889 3.48134 2.777646
v 4.164805 3.245445 2.989778
v 4.183531 3.315333 2.959808
v 4.199613 3.375348 2.912132
v 4.211952 3.4214 2.85
v 4.219708 3.450348 2.777646
v -7.775 -11.829904 2.777646
v -7.775 -11.679904 2.959808
v -7.738823 -11.617243 2.989778
v -7.754904 -11.604904 2.989778
v -7.777646 -11.55 2.989778
v -7.775 -11.570096 2.989778
v -7.720096 -11.625 2.989778
v -7.738823 -11.694888 2.959808
v -7.754904 -11.754904 2.912132
v -7.806066 -11.656066 2.959808
v -7.767243 -11.588823 2.989778
v -7.829904 -11.625 2.959808
v -7.844889 -11.588823 2.959808
v -7.85 -11.55 2.959808
v -7.806066 -11.733711 2.912132
v -7.85 -11.7 2.912132
v -7.883712 -11.656066 2.912132
v -7.904904 -11.604904 2.912132
v -7.912132 -11.55 2.912132
v -7.767243 -11.800955 2.85
v -7.829904 -11.775 2.85
v -7.883712 -11.733711 2.85
v -7.925 -11.679904 2.85
v -7.950955 -11.617243 2.85
v -7.959807 -11.55 2.85
v -7.844889 -11.800955 2.777646
v -7.904904 -11.754904 2.777646
v -7.950955 -11.694888 2.777646
v -7.979903 -11.625 2.777646
v -7.989778 -11.55 2.777646
v 3.989778 7.227646 2.7
v 3.959808 7.3 2.7
v 3.912132 7.362132 2.7
v 3.85 7.409808 2.7
v 3.777646 7.439778 2.7
v 3.989778 7.15 2.777646
v 3.959808 7.15 2.85
v 3.912132 7.15 2.912132
v 3.85 7.15 2.959808
v 3.777646 7.15 2.989778
v -7.989778 7.15 2.777646
v -7.959807 7.15 2.85
v -7.912132 7.15 2.912132
v -7.85 7.15 2.959808
v -7.777646 7.15 2.989778
v -7.777646 7.439778 2.7
v -7.85 7.409808 2.7
v -7.912132 7.362132 2.7
v -7.959807 7.3 2.7
v -7.989778 7.227646 2.7
v 3.7 7.439778 2.777646
v 3.775 7.429904 2.777646
v 3.775 7.279903 2.959808
v 3.738823 7.217243 2.989778
v 3.754904 7.204904 2.989778
v 3.775 7.170096 2.989778
v 3.720096 7.225 2.989778
v 3.738823 7.294889 2.959808
v 3.754904 7.354904 2.912132
v 3.7 7.227646 2.989778
v 3.806066 7.256066 2.959808
v 3.767243 7.188823 2.989778
v 3.829904 7.225 2.959808
v 3.844889 7.188823 2.959808
v 3.7 7.3 2.959808
v 3.7 7.362132 2.912132
v 3.7 7.409808 2.85
v 3.806066 7.333712 2.912132
v 3.85 7.3 2.912132
v 3.883712 7.256066 2.912132
v 3.904904 7.204904 2.912132
v 3.767243 7.400955 2.85
v 3.829904 7.375 2.85
v 3.883712 7.333712 2.85
v 3.925 7.279903 2.85
v 3.950955 7.217243 2.85
v 3.844889 7.400955 2.777646
v 3.904904 7.354904 2.777646
v 3.950955 7.294889 2.777646
v 3.979904 7.225 2.777646
v -7.7773 7.438789 2.7
v -7.830165 7.420291 2.7
v -7.825729 7.411081 2.777646
v -7.849108 7.408388 2.7
v -7.887047 7.384549 2.7
v -7.880674 7.376557 2.777646
v -7.910798 7.360798 2.7
v -7.93455 7.337047 2.7
v -7.926557 7.330673 2.777646
v -7.817275 7.243524 2.959808
v -7.760706 7.198411 2.989778
v -7.748412 7.210706 2.989778
v -7.769956 7.183689 2.989778
v -7.835145 7.215083 2.959808
v -7.891124 7.242041 2.912132
v -7.775699 7.167278 2.989778
v -7.846239 7.183378 2.959808
v -7.906813 7.197204 2.912132
v -7.953294 7.207813 2.85
v -7.934079 7.262726 2.85
v -7.961081 7.27573 2.777646
v -7.982512 7.214481 2.777646
v -7.958388 7.299108 2.7
v -7.97029 7.280165 2.7
v -7.988789 7.2273 2.7
v -7.992478 7.216756 2.7
v -7.903126 7.311987 2.85
v -7.865852 7.282262 2.912132
v -7.861988 7.353126 2.85
v -7.832262 7.315851 2.912132
v -7.793523 7.267275 2.959808
v -7.812726 7.384079 2.85
v -7.792041 7.341125 2.912132
v -7.765083 7.285145 2.959808
v -7.733689 7.219956 2.989778
v -7.766756 7.442479 2.7
v -7.764482 7.432512 2.777646
v -7.757813 7.403294 2.85
v -7.747204 7.356813 2.912132
v -7.733378 7.296239 2.959808
v -7.717278 7.225699 2.989778
v -7.7 7.439778 2.777646
v -7.7 7.409808 2.85
v -7.7 7.362132 2.912132
v -7.7 7.3 2.959808
v -7.7 7.227646 2.989778
v -8.0 1.05 0.0
v -8.0 1.48455 0.0
v -0.326787 1.48455 0.0
v -6.21 -12.65 0.0
v -9.0 -12.65 0.0
v -9.0 -11.65 0.0
v -9.0 -9.38 0.0
v -9.0 -9.11 0.0
v -8.0 -9.38 0.0
v -8.0 -9.11 0.0
v -9.0 -10.65 0.0
v -9.0 -10.38 0.0
v -8.0 -10.65 0.0
v -8.0 -10.38 0.0
v -1.13 -11.65 0.0
v -1.13 -12.65 0.0
v -1.4 -12.65 0.0
v -6.21 -11.65 0.0
v -8.0 -11.65 0.0
v -1.4 -11.65 0.0
v -2.4 -11.65 0.0
v -8.0 -8.11 0.0
v -8.0 -6.84 0.0
v -9.0 -6.84 0.0
v -9.0 -6.57 0.0
v -8.0 -6.57 0.0
v -8.0 -5.57 0.0
v -8.0 -7.84 0.0
v -9.0 -7.84 0.0
v -9.0 -8.11 0.0
v -3.67 -11.65 0.0
v -3.67 -12.65 0.0
v -3.94 -12.65 0.0
v -8.0 -4.3 0.0
v -9.0 -4.3 0.0
v -9.0 -4.03 0.0
v -3.94 -11.65 0.0
v -2.67 -11.65 0.0
v -2.67 -12.65 0.0
v -2.4 -12.65 0.0
v -8.0 -4.03 0.0
v -8.0 -3.03 0.0
v -4.94 -12.65 0.0
v -5.21 -12.65 0.0
v -4.94 -11.65 0.0
v -5.21 -11.65 0.0
v -8.0 -5.3 0.0
v -9.0 -5.3 0.0
v -9.0 -5.57 0.0
v -8.0 -1.76 0.0
v -9.0 -1.76 0.0
v -9.0 -1.49 0.0
v -8.0 -1.49 0.0
v -8.0 -0.49 0.0
v -8.0 -2.76 0.0
v -9.0 -2.76 0.0
v -9.0 -3.03 0.0
v -8.0 0.78 0.0
v -9.0 0.78 0.0
v -9.0 1.05 0.0
v -8.0 -0.22 0.0
v -9.0 -0.22 0.0
v -9.0 -0.49 0.0
v 9.0 1.05 0.0
v 9.0 0.78 0.0
v 8.0 1.05 0.0
v 8.0 0.78 0.0
v 0.710124 1.48455 0.0
v 0.750291 1.478922 0.0
v -0.326787 -11.65 0.0
v 0.777634 1.478452 0.0
v 8.0 -1.49 0.0
v 8.0 -0.49 0.0
v 8.0 -0.22 0.0
v 9.0 -0.49 0.0
v 9.0 -0.22 0.0
v 9.0 -2.76 0.0
v 9.0 -3.03 0.0
v 8.0 -2.76 0.0
v 8.0 -3.03 0.0
v 0.14 -11.65 0.0
v 0.14 -12.65 0.0
v -0.13 -12.65 0.0
v 9.0 -1.49 0.0
v 9.0 -1.76 0.0
v 8.0 -1.76 0.0
v -0.13 -11.65 0.0
v 8.0 -4.03 0.0
v 9.0 -4.03 0.0
v 9.0 -4.3 0.0
v 8.0 -4.3 0.0
v 1.41 -11.65 0.0
v 1.41 -12.65 0.0
v 1.14 -12.65 0.0
v 1.14 -11.65 0.0
v 8.0 -5.3 0.0
v 9.0 -5.3 0.0
v 9.0 -5.57 0.0
v 8.0 -5.57 0.0
v 2.68 -11.65 0.0
v 2.68 -12.65 0.0
v 2.41 -12.65 0.0
v 2.41 -11.65 0.0
v 8.0 -6.57 0.0
v 9.0 -6.57 0.0
v 9.0 -6.84 0.0
v 8.0 -6.84 0.0
v 3.95 -11.65 0.0
v 3.95 -12.65 0.0
v 3.68 -12.65 0.0
v 3.68 -11.65 0.0
v 8.0 -7.84 0.0
v 9.0 -7.84 0.0
v 9.0 -8.11 0.0
v 8.0 -8.11 0.0
v 5.22 -11.65 0.0
v 5.22 -12.65 0.0
v 4.95 -12.65 0.0
v 4.95 -11.65 0.0
v 8.0 -9.11 0.0
v 9.0 -9.11 0.0
v 9.0 -9.38 0.0
v 8.0 -9.38 0.0
v 6.22 -11.65 0.0
v 6.22 -12.65 0.0
v 8.0 -10.38 0.0
v 9.0 -11.65 0.0
v 9.0 -12.65 0.0
v 8.0 -11.65 0.0
v 8.0 -10.65 0.0
v 9.0 -10.65 0.0
v 9.0 -10.38 0.0
v 0.502482 1.542477 0.0
v 0.30736 1.490648 0.0
v 0.502482 1.652233 0.0
v 0.30736 2.490648 0.0
v 0.609076 1.498709 0.0
v 9.0 12.65 0.0
v 9.0 5.86 0.0
v -0.326787 12.65 0.0
v 8.0 5.86 0.0
v -0.204836 2.380892 0.0
v 0.173213 2.380892 0.0
v 0.173213 2.051623 0.0
v -0.180445 2.051623 0.0
v -0.180445 1.941867 0.0
v 8.0 3.59 0.0
v 9.0 3.59 0.0
v 9.0 3.32 0.0
v 0.173213 1.941867 0.0
v 0.173213 1.600404 0.0
v -0.229226 1.600404 0.0
v -0.229226 1.490648 0.0
v 1.709799 1.600404 0.0
v 1.33175 1.600404 0.0
v 1.709799 2.490648 0.0
v 1.843945 2.490648 0.0
v 1.843945 1.490648 0.0
v 8.0 4.86 0.0
v -0.204836 2.490648 0.0
v 8.0 3.32 0.0
v 8.0 2.32 0.0
v 0.835135 2.382028 0.0
v 0.909983 2.355016 0.0
v 0.520404 1.642305 0.0
v 0.979198 2.308712 0.0
v 1.039585 2.242045 0.0
v 1.112238 1.979977 0.0
v 1.102112 1.871721 0.0
v 1.074944 1.785707 0.0
v 0.852423 1.598671 0.0
v 0.759151 1.588208 0.0
v 0.925287 1.625496 0.0
v 0.98666 1.666861 0.0
v 1.033585 1.716367 0.0
v 0.62641 1.602942 0.0
v 8.0 4.59 0.0
v 9.0 4.59 0.0
v 9.0 4.86 0.0
v 1.080812 2.164835 0.0
v 1.107468 2.057783 0.0
v 1.134995 2.320755 0.0
v 1.044714 2.407582 0.0
v 9.0 2.32 0.0
v 9.0 2.05 0.0
v 8.0 2.05 0.0
v 8.0 1.48455 0.0
v 0.997794 1.524592 0.0
v 1.33175 1.490648 0.0
v 0.90087 1.49123 0.0
v 0.836442 1.48455 0.0
v 1.078232 1.575958 0.0
v 1.153345 1.655036 0.0
v 1.206618 1.750121 0.0
v 1.236714 1.855971 0.0
v 0.94973 2.462256 0.0
v 0.838249 2.494643 0.0
v 0.737809 2.502843 0.0
v 1.246384 1.971783 0.0
v 1.231999 2.113953 0.0
v 1.193608 2.227261 0.0
v 0.618098 2.494582 0.0
v 0.502482 2.463208 0.0
v 0.502482 2.329062 0.0
v 0.615121 2.377295 0.0
v 0.736666 2.393086 0.0
v -1.302397 1.490648 0.0
v -1.179291 1.764726 0.0
v -1.121944 1.675282 0.0
v -1.680445 2.490648 0.0
v -1.814592 2.490648 0.0
v -1.039634 1.596471 0.0
v -0.935221 1.535793 0.0
v -0.819993 1.501448 0.0
v -2.058494 1.490648 0.0
v -2.204836 1.490648 0.0
v -8.0 2.05 0.0
v -8.0 3.32 0.0
v -9.0 3.32 0.0
v -9.0 3.59 0.0
v -0.696261 1.490648 0.0
v -1.448738 1.490648 0.0
v -1.544203 1.771135 0.0
v -1.957313 1.771135 0.0
v -8.0 3.59 0.0
v -8.0 4.59 0.0
v -0.424348 1.490648 0.0
v -0.424348 2.490648 0.0
v -0.70655 2.490648 0.0
v -1.077912 2.360259 0.0
v -1.148627 2.281847 0.0
v -1.1951 2.195845 0.0
v -8.0 2.32 0.0
v -9.0 2.32 0.0
v -9.0 2.05 0.0
v -0.851023 2.475204 0.0
v -0.968024 2.43412 0.0
v -1.076866 2.361178 0.0
v -1.221959 2.097319 0.0
v -1.229226 2.003224 0.0
v -1.215193 1.869395 0.0
v -9.0 5.86 0.0
v -9.0 12.65 0.0
v -8.0 5.86 0.0
v -8.0 4.86 0.0
v -9.0 4.86 0.0
v -9.0 4.59 0.0
v -9.0 -10.18 -0.01
v -9.0 -10.38 -0.01
v -9.0 -10.65 -0.01
v -9.0 -10.85 -0.01
v -9.0 -8.91 -0.01
v -9.0 -9.11 -0.01
v -9.0 -9.38 -0.01
v -9.0 -9.58 -0.01
v -9.0 -7.64 -0.01
v -9.0 -7.84 -0.01
v -9.0 -8.11 -0.01
v -9.0 -8.31 -0.01
v -9.0 -6.37 -0.01
v -9.0 -6.57 -0.01
v -9.0 -6.84 -0.01
v -9.0 -7.04 -0.01
v -9.0 -5.1 -0.01
v -9.0 -5.3 -0.01
v -9.0 -5.57 -0.01
v -9.0 -5.77 -0.01
v -9.0 -3.83 -0.01
v -9.0 -4.03 -0.01
v -9.0 -4.3 -0.01
v -9.0 -4.5 -0.01
v -9.0 -2.56 -0.01
v -9.0 -2.76 -0.01
v -9.0 -3.03 -0.01
v -9.0 -3.23 -0.01
v -9.0 -1.29 -0.01
v -9.0 -1.49 -0.01
v -9.0 -1.76 -0.01
v -9.0 -1.96 -0.01
v -9.0 -0.02 -0.01
v -9.0 -0.22 -0.01
v -9.0 -0.49 -0.01
v -9.0 -0.69 -0.01
v -9.0 1.25 -0.01
v -9.0 1.05 -0.01
v -9.0 0.78 -0.01
v -9.0 0.58 -0.01
v -9.0 2.52 -0.01
v -9.0 2.32 -0.01
v -9.0 2.05 -0.01
v -9.0 1.85 -0.01
v -9.0 3.79 -0.01
v -9.0 3.59 -0.01
v -9.0 3.32 -0.01
v -9.0 3.12 -0.01
v -9.0 5.06 -0.01
v -9.0 4.86 -0.01
v -9.0 4.59 -0.01
v -9.0 4.39 -0.01
v -9.0 5.86 -0.01
v -9.0 5.66 -0.01
v -6.21 -12.65 -0.01
v -6.01 -12.65 -0.01
v -5.41 -12.65 -0.01
v -5.21 -12.65 -0.01
v -4.94 -12.65 -0.01
v -4.74 -12.65 -0.01
v -4.14 -12.65 -0.01
v -3.94 -12.65 -0.01
v -3.67 -12.65 -0.01
v -3.47 -12.65 -0.01
v -2.87 -12.65 -0.01
v -2.67 -12.65 -0.01
v -2.4 -12.65 -0.01
v -2.2 -12.65 -0.01
v -1.6 -12.65 -0.01
v -1.4 -12.65 -0.01
v -1.13 -12.65 -0.01
v -0.93 -12.65 -0.01
v -0.33 -12.65 -0.01
v -0.13 -12.65 -0.01
v 0.14 -12.65 -0.01
v 0.34 -12.65 -0.01
v 0.94 -12.65 -0.01
v 1.14 -12.65 -0.01
v 1.41 -12.65 -0.01
v 1.61 -12.65 -0.01
v 2.21 -12.65 -0.01
v 2.41 -12.65 -0.01
v 2.68 -12.65 -0.01
v 2.88 -12.65 -0.01
v 3.48 -12.65 -0.01
v 3.68 -12.65 -0.01
v 3.95 -12.65 -0.01
v 4.15 -12.65 -0.01
v 4.75 -12.65 -0.01
v 4.95 -12.65 -0.01
v 5.22 -12.65 -0.01
v 5.42 -12.65 -0.01
v 9.0 4.39 -0.01
v 9.0 4.59 -0.01
v 9.0 4.86 -0.01
v 9.0 5.06 -0.01
v 9.0 3.12 -0.01
v 9.0 3.32 -0.01
v 9.0 3.59 -0.01
v 9.0 3.79 -0.01
v 9.0 1.85 -0.01
v 9.0 2.05 -0.01
v 9.0 2.32 -0.01
v 9.0 2.52 -0.01
v 9.0 0.58 -0.01
v 9.0 0.78 -0.01
v 9.0 1.05 -0.01
v 9.0 1.25 -0.01
v 9.0 -0.69 -0.01
v 9.0 -0.49 -0.01
v 9.0 -0.22 -0.01
v 9.0 -0.02 -0.01
v 9.0 -1.96 -0.01
v 9.0 -1.76 -0.01
v 9.0 -1.49 -0.01
v 9.0 -1.29 -0.01
v 9.0 -3.23 -0.01
v 9.0 -3.03 -0.01
v 9.0 -2.76 -0.01
v 9.0 -2.56 -0.01
v 9.0 -4.5 -0.01
v 9.0 -4.3 -0.01
v 9.0 -4.03 -0.01
v 9.0 -3.83 -0.01
v 9.0 -5.77 -0.01
v 9.0 -5.57 -0.01
v 9.0 -5.3 -0.01
v 9.0 -5.1 -0.01
v 9.0 -7.04 -0.01
v 9.0 -6.84 -0.01
v 9.0 -6.57 -0.01
v 9.0 -6.37 -0.01
v 9.0 -8.31 -0.01
v 9.0 -8.11 -0.01
v 9.0 -7.84 -0.01
v 9.0 -7.64 -0.01
v 9.0 -9.58 -0.01
v 9.0 -9.38 -0.01
v 9.0 -9.11 -0.01
v 9.0 -8.91 -0.01
v 9.0 -10.85 -0.01
v 9.0 -10.65 -0.01
v 9.0 -10.38 -0.01
v 9.0 -10.18 -0.01
v 9.0 -11.65 -0.01
v 9.0 -11.45 -0.01
v -9.0 -11.45 -0.01
v -9.0 -11.65 -0.01
v 6.02 -12.65 -0.01
v 6.22 -12.65 -0.01
v 9.0 5.66 -0.01
v 9.0 5.86 -0.01
v 8.0 -11.65 -0.01
newmtl 3
Ka 0.6470588235294118 0.5176470588235295 0.0
Kd 0.6470588235294118 0.5176470588235295 0.0
Ks 0.45098039215686275 0.3607843137254902 0.0
d 0.0
endmtl
v 8.0 -10.65 -0.01
v 8.702188 -11.113839 -0.01
v 8.928205 -10.858717 -0.01
v 8.801064 -10.925447 -0.01
v 8.753105 -10.979581 -0.01
v 8.719496 -11.043618 -0.01
v 8.860583 -10.884363 -0.01
v 8.702188 -11.186161 -0.01
v 8.719496 -11.256382 -0.01
v 8.753105 -11.320419 -0.01
v 8.801064 -11.374554 -0.01
v 8.860583 -11.415637 -0.01
v 8.928205 -11.441283 -0.01
v 6.22 -11.65 -0.01
v 5.22 -11.65 -0.01
v 5.979807 -12.5 -0.01
v 5.932132 -12.437868 -0.01
v 5.87 -12.390193 -0.01
v 5.797646 -12.360223 -0.01
v 5.72 -12.35 -0.01
v 5.642354 -12.360223 -0.01
v 5.57 -12.390193 -0.01
v 6.009778 -12.572354 -0.01
v 5.507868 -12.437868 -0.01
v 5.460193 -12.5 -0.01
v 5.430222 -12.572354 -0.01
v 8.0 -10.38 -0.01
v 8.0 -9.38 -0.01
v 8.702188 -9.84384 -0.01
v 8.928205 -9.588717 -0.01
v 8.801064 -9.655447 -0.01
v 8.753105 -9.70958 -0.01
v 8.719496 -9.773619 -0.01
v 8.860583 -9.614364 -0.01
v 8.702188 -9.916162 -0.01
v 8.719496 -9.986381 -0.01
v 8.753105 -10.05042 -0.01
v 8.801064 -10.104553 -0.01
v 8.860583 -10.145638 -0.01
v 8.928205 -10.171282 -0.01
v 8.0 -9.11 -0.01
v 8.0 -8.11 -0.01
v 8.702188 -8.573839 -0.01
v 8.928205 -8.318718 -0.01
v 8.801064 -8.385447 -0.01
v 8.753105 -8.439581 -0.01
v 8.719496 -8.503618 -0.01
v 8.860583 -8.344363 -0.01
v 8.702188 -8.646161 -0.01
v 8.719496 -8.716381 -0.01
v 8.753105 -8.78042 -0.01
v 8.801064 -8.834553 -0.01
v 8.860583 -8.875636 -0.01
v 8.928205 -8.901282 -0.01
v 8.0 -7.84 -0.01
v 8.0 -6.84 -0.01
v 8.860583 -7.074363 -0.01
v 8.801064 -7.115447 -0.01
v 8.702188 -7.303839 -0.01
v 8.928205 -7.048717 -0.01
v 8.753105 -7.16958 -0.01
v 8.719496 -7.233619 -0.01
v 8.702188 -7.376161 -0.01
v 8.719496 -7.446381 -0.01
v 8.753105 -7.510419 -0.01
v 8.801064 -7.564553 -0.01
v 8.860583 -7.605637 -0.01
v 8.928205 -7.631282 -0.01
v 8.0 -6.57 -0.01
v 8.0 -5.57 -0.01
v 8.860583 -5.804363 -0.01
v 8.801064 -5.845447 -0.01
v 8.702188 -6.033839 -0.01
v 8.928205 -5.778718 -0.01
v 8.753105 -5.89958 -0.01
v 8.719496 -5.963618 -0.01
v 8.702188 -6.106161 -0.01
v 8.719496 -6.176382 -0.01
v 8.753105 -6.240419 -0.01
v 8.801064 -6.294553 -0.01
v 8.860583 -6.335637 -0.01
v 8.928205 -6.361282 -0.01
v 8.0 -5.3 -0.01
v 8.0 -4.3 -0.01
v 8.860583 -4.534363 -0.01
v 8.801064 -4.575447 -0.01
v 8.702188 -4.763839 -0.01
v 8.928205 -4.508718 -0.01
v 8.753105 -4.629581 -0.01
v 8.719496 -4.693618 -0.01
v 8.702188 -4.836161 -0.01
v 8.719496 -4.906382 -0.01
v 8.753105 -4.970419 -0.01
v 8.801064 -5.024553 -0.01
v 8.860583 -5.065637 -0.01
v 8.928205 -5.091282 -0.01
v 8.0 -4.03 -0.01
v 8.0 -3.03 -0.01
v 8.702188 -3.493839 -0.01
v 8.860583 -3.264363 -0.01
v 8.801064 -3.305447 -0.01
v 8.928205 -3.238718 -0.01
v 8.753105 -3.359581 -0.01
v 8.719496 -3.423619 -0.01
v 8.702188 -3.566161 -0.01
v 8.719496 -3.636381 -0.01
v 8.753105 -3.700419 -0.01
v 8.801064 -3.754553 -0.01
v 8.860583 -3.795637 -0.01
v 8.928205 -3.821283 -0.01
v 8.0 -2.76 -0.01
v 8.0 -1.76 -0.01
v 8.702188 -2.223839 -0.01
v 8.860583 -1.994363 -0.01
v 8.801064 -2.035447 -0.01
v 8.928205 -1.968717 -0.01
v 8.753105 -2.089581 -0.01
v 8.719496 -2.153619 -0.01
v 8.702188 -2.296161 -0.01
v 8.719496 -2.366381 -0.01
v 8.753105 -2.430419 -0.01
v 8.801064 -2.484553 -0.01
v 8.860583 -2.525637 -0.01
v 8.928205 -2.551282 -0.01
v 8.0 -1.49 -0.01
v 8.0 -0.49 -0.01
v 8.928205 -0.698717 -0.01
v 8.860583 -0.724363 -0.01
v 8.801064 -0.765447 -0.01
v 8.753105 -0.819581 -0.01
v 8.719496 -1.096381 -0.01
v 8.753105 -1.160419 -0.01
v 8.719496 -0.883619 -0.01
v 8.702188 -0.953839 -0.01
v 8.702188 -1.026161 -0.01
v 8.801064 -1.214553 -0.01
v 8.860583 -1.255637 -0.01
v 8.928205 -1.281283 -0.01
v 8.0 -0.22 -0.01
v 8.0 0.78 -0.01
v 8.928205 0.571283 -0.01
v 8.860583 0.545637 -0.01
v 8.801064 0.504553 -0.01
v 8.753105 0.450419 -0.01
v 8.719496 0.173619 -0.01
v 8.753105 0.109581 -0.01
v 8.719496 0.386381 -0.01
v 8.702188 0.316161 -0.01
v 8.702188 0.243839 -0.01
v 8.801064 0.055447 -0.01
v 8.860583 0.014363 -0.01
v 8.928205 -0.011283 -0.01
v 8.0 1.05 -0.01
v 8.0 2.05 -0.01
v 8.860583 1.815637 -0.01
v 8.801064 1.774553 -0.01
v 8.753105 1.720419 -0.01
v 8.719496 1.443619 -0.01
v 8.753105 1.379581 -0.01
v 8.928205 1.841283 -0.01
v 8.719496 1.656381 -0.01
v 8.702188 1.586161 -0.01
v 8.702188 1.513839 -0.01
v 8.801064 1.325447 -0.01
v 8.860583 1.284363 -0.01
v 8.928205 1.258718 -0.01
v 8.0 2.32 -0.01
v 8.0 3.32 -0.01
v 8.702188 2.856161 -0.01
v 8.860583 3.085637 -0.01
v 8.801064 3.044553 -0.01
v 8.928205 3.111283 -0.01
v 8.753105 2.99042 -0.01
v 8.719496 2.926382 -0.01
v 8.702188 2.783839 -0.01
v 8.719496 2.713619 -0.01
v 8.753105 2.64958 -0.01
v 8.801064 2.595447 -0.01
v 8.860583 2.554363 -0.01
v 8.928205 2.528718 -0.01
v 8.0 3.59 -0.01
v 8.0 4.59 -0.01
v 8.860583 4.355637 -0.01
v 8.801064 4.314553 -0.01
v 8.702188 4.126161 -0.01
v 8.928205 4.381283 -0.01
v 8.753105 4.260419 -0.01
v 8.719496 4.196382 -0.01
v 8.702188 4.053839 -0.01
v 8.719496 3.983619 -0.01
v 8.753105 3.91958 -0.01
v 8.801064 3.865447 -0.01
v 8.860583 3.824363 -0.01
v 8.928205 3.798717 -0.01
v 8.0 4.86 -0.01
v 8.0 5.86 -0.01
v 8.860583 5.625637 -0.01
v 8.801064 5.584553 -0.01
v 8.702188 5.396161 -0.01
v 8.928205 5.651283 -0.01
v 8.753105 5.530419 -0.01
v 8.719496 5.466382 -0.01
v 8.702188 5.323839 -0.01
v 8.719496 5.253619 -0.01
v 8.753105 5.18958 -0.01
v 8.801064 5.135447 -0.01
v 8.860583 5.094363 -0.01
v 8.928205 5.068717 -0.01
v -8.0 5.86 -0.01
v -8.0 4.86 -0.01
v -8.849999 5.100193 -0.01
v -8.787868 5.147868 -0.01
v -8.740192 5.21 -0.01
v -8.710222 5.282354 -0.01
v -8.7 5.36 -0.01
v -8.710222 5.437645 -0.01
v -8.740192 5.51 -0.01
v -8.922355 5.070222 -0.01
v -8.787868 5.572132 -0.01
v -8.849999 5.619808 -0.01
v -8.922355 5.649777 -0.01
v -8.0 4.59 -0.01
v -8.0 3.59 -0.01
v -8.922355 3.800222 -0.01
v -8.787868 3.877868 -0.01
v -8.740192 3.94 -0.01
v -8.710222 4.012354 -0.01
v -8.7 4.09 -0.01
v -8.710222 4.167646 -0.01
v -8.740192 4.24 -0.01
v -8.849999 3.830192 -0.01
v -8.787868 4.302132 -0.01
v -8.849999 4.349808 -0.01
v -8.922355 4.379778 -0.01
v -8.0 3.32 -0.01
v -8.0 2.32 -0.01
v -8.922355 2.530222 -0.01
v -8.787868 2.607868 -0.01
v -8.740192 2.67 -0.01
v -8.710222 2.742354 -0.01
v -8.849999 2.560193 -0.01
v -8.7 2.82 -0.01
v -8.710222 2.897646 -0.01
v -8.740192 2.97 -0.01
v -8.787868 3.032132 -0.01
v -8.849999 3.079808 -0.01
v -8.922355 3.109778 -0.01
v -8.0 2.05 -0.01
v -8.0 1.05 -0.01
v -8.922355 1.260222 -0.01
v -8.849999 1.290192 -0.01
v -8.787868 1.337868 -0.01
v -8.740192 1.4 -0.01
v -8.710222 1.472354 -0.01
v -8.7 1.55 -0.01
v -8.710222 1.627646 -0.01
v -8.740192 1.7 -0.01
v -8.787868 1.762132 -0.01
v -8.849999 1.809808 -0.01
v -8.922355 1.839778 -0.01
v -8.0 0.78 -0.01
v -8.0 -0.22 -0.01
v -8.922355 -0.009778 -0.01
v -8.849999 0.020192 -0.01
v -8.787868 0.067868 -0.01
v -8.740192 0.13 -0.01
v -8.710222 0.202354 -0.01
v -8.7 0.28 -0.01
v -8.710222 0.357646 -0.01
v -8.740192 0.43 -0.01
v -8.787868 0.492132 -0.01
v -8.849999 0.539808 -0.01
v -8.922355 0.569778 -0.01
v -8.0 -0.49 -0.01
v -8.0 -1.49 -0.01
v -8.922355 -1.279778 -0.01
v -8.849999 -1.249808 -0.01
v -8.787868 -1.202132 -0.01
v -8.740192 -1.14 -0.01
v -8.710222 -1.067646 -0.01
v -8.7 -0.99 -0.01
v -8.710222 -0.912354 -0.01
v -8.740192 -0.84 -0.01
v -8.787868 -0.777868 -0.01
v -8.849999 -0.730192 -0.01
v -8.922355 -0.700222 -0.01
v -8.0 -1.76 -0.01
v -8.0 -2.76 -0.01
v -8.922355 -2.549778 -0.01
v -8.787868 -2.472132 -0.01
v -8.740192 -2.41 -0.01
v -8.849999 -2.519808 -0.01
v -8.710222 -2.337646 -0.01
v -8.7 -2.26 -0.01
v -8.710222 -2.182354 -0.01
v -8.740192 -2.11 -0.01
v -8.787868 -2.047868 -0.01
v -8.849999 -2.000192 -0.01
v -8.922355 -1.970222 -0.01
v -8.0 -3.03 -0.01
v -8.0 -4.03 -0.01
v -8.922355 -3.819778 -0.01
v -8.787868 -3.742132 -0.01
v -8.740192 -3.68 -0.01
v -8.849999 -3.789808 -0.01
v -8.710222 -3.607646 -0.01
v -8.7 -3.53 -0.01
v -8.710222 -3.452354 -0.01
v -8.740192 -3.38 -0.01
v -8.787868 -3.317868 -0.01
v -8.849999 -3.270192 -0.01
v -8.922355 -3.240222 -0.01
v -8.0 -4.3 -0.01
v -8.0 -5.3 -0.01
v -8.849999 -5.059808 -0.01
v -8.787868 -5.012132 -0.01
v -8.740192 -4.95 -0.01
v -8.710222 -4.877645 -0.01
v -8.7 -4.8 -0.01
v -8.710222 -4.722354 -0.01
v -8.740192 -4.65 -0.01
v -8.922355 -5.089777 -0.01
v -8.787868 -4.587868 -0.01
v -8.849999 -4.540193 -0.01
v -8.922355 -4.510222 -0.01
v -8.0 -5.57 -0.01
v -8.0 -6.57 -0.01
v -8.849999 -6.329807 -0.01
v -8.787868 -6.282132 -0.01
v -8.740192 -6.22 -0.01
v -8.710222 -6.147646 -0.01
v -8.7 -6.07 -0.01
v -8.710222 -5.992354 -0.01
v -8.740192 -5.92 -0.01
v -8.922355 -6.359778 -0.01
v -8.787868 -5.857868 -0.01
v -8.849999 -5.810192 -0.01
v -8.922355 -5.780222 -0.01
v -8.0 -6.84 -0.01
v -8.0 -7.84 -0.01
v -8.849999 -7.599808 -0.01
v -8.787868 -7.552132 -0.01
v -8.740192 -7.49 -0.01
v -8.710222 -7.417646 -0.01
v -8.7 -7.34 -0.01
v -8.710222 -7.262354 -0.01
v -8.740192 -7.19 -0.01
v -8.922355 -7.629778 -0.01
v -8.787868 -7.127868 -0.01
v -8.849999 -7.080192 -0.01
v -8.922355 -7.050222 -0.01
v -8.0 -8.11 -0.01
v -8.0 -9.11 -0.01
v -8.922355 -8.899778 -0.01
v -8.787868 -8.822132 -0.01
v -8.740192 -8.759999 -0.01
v -8.710222 -8.687646 -0.01
v -8.7 -8.61 -0.01
v -8.710222 -8.532354 -0.01
v -8.740192 -8.46 -0.01
v -8.787868 -8.397868 -0.01
v -8.849999 -8.350193 -0.01
v -8.922355 -8.320223 -0.01
v -8.849999 -8.869807 -0.01
v -8.0 -9.38 -0.01
v -8.0 -10.38 -0.01
v -8.922355 -10.169778 -0.01
v -8.787868 -10.092132 -0.01
v -8.740192 -10.03 -0.01
v -8.710222 -9.957646 -0.01
v -8.7 -9.88 -0.01
v -8.710222 -9.802355 -0.01
v -8.740192 -9.73 -0.01
v -8.787868 -9.667868 -0.01
v -8.849999 -9.620193 -0.01
v -8.922355 -9.590222 -0.01
v -8.849999 -10.139808 -0.01
v -8.0 -11.65 -0.01
v -8.0 -10.65 -0.01
v -8.922355 -11.439778 -0.01
v -8.787868 -11.362132 -0.01
v -8.740192 -11.3 -0.01
v -8.710222 -11.227646 -0.01
v -8.7 -11.15 -0.01
v -8.710222 -11.072354 -0.01
v -8.740192 -11.0 -0.01
v -8.787868 -10.937868 -0.01
v -8.849999 -10.890192 -0.01
v -8.922355 -10.860223 -0.01
v -8.849999 -11.409808 -0.01
v 3.95 -11.65 -0.01
v 4.95 -11.65 -0.01
v 4.709808 -12.5 -0.01
v 4.662132 -12.437868 -0.01
v 4.6 -12.390193 -0.01
v 4.527646 -12.360223 -0.01
v 4.45 -12.35 -0.01
v 4.372354 -12.360223 -0.01
v 4.3 -12.390193 -0.01
v 4.739778 -12.572354 -0.01
v 4.237868 -12.437868 -0.01
v 4.190193 -12.5 -0.01
v 4.160222 -12.572354 -0.01
v 2.68 -11.65 -0.01
v 3.68 -11.65 -0.01
v 3.469778 -12.572354 -0.01
v 3.392132 -12.437868 -0.01
v 3.33 -12.390193 -0.01
v 3.439808 -12.5 -0.01
v 3.257646 -12.360223 -0.01
v 3.18 -12.35 -0.01
v 3.102354 -12.360223 -0.01
v 3.03 -12.390193 -0.01
v 2.967868 -12.437868 -0.01
v 2.920192 -12.5 -0.01
v 2.890222 -12.572354 -0.01
v 1.41 -11.65 -0.01
v 2.41 -11.65 -0.01
v 2.199778 -12.572354 -0.01
v 2.122132 -12.437868 -0.01
v 2.06 -12.390193 -0.01
v 1.987646 -12.360223 -0.01
v 1.91 -12.35 -0.01
v 1.832354 -12.360223 -0.01
v 1.76 -12.390193 -0.01
v 2.169808 -12.5 -0.01
v 1.697868 -12.437868 -0.01
v 1.650192 -12.5 -0.01
v 1.620222 -12.572354 -0.01
v 0.14 -11.65 -0.01
v 1.14 -11.65 -0.01
v 0.929778 -12.572354 -0.01
v 0.899808 -12.5 -0.01
v 0.852132 -12.437868 -0.01
v 0.79 -12.390193 -0.01
v 0.717646 -12.360223 -0.01
v 0.64 -12.35 -0.01
v 0.562354 -12.360223 -0.01
v 0.49 -12.390193 -0.01
v 0.427868 -12.437868 -0.01
v 0.380192 -12.5 -0.01
v 0.350222 -12.572354 -0.01
v -1.13 -11.65 -0.01
v -0.13 -11.65 -0.01
v -0.370192 -12.5 -0.01
v -0.417868 -12.437868 -0.01
v -0.48 -12.390193 -0.01
v -0.552354 -12.360223 -0.01
v -0.63 -12.35 -0.01
v -0.707646 -12.360223 -0.01
v -0.78 -12.390193 -0.01
v -0.340222 -12.572354 -0.01
v -0.842132 -12.437868 -0.01
v -0.889808 -12.5 -0.01
v -0.919778 -12.572354 -0.01
v -2.4 -11.65 -0.01
v -1.4 -11.65 -0.01
v -1.610222 -12.572354 -0.01
v -1.687868 -12.437868 -0.01
v -1.75 -12.390193 -0.01
v -1.640192 -12.5 -0.01
v -1.822354 -12.360223 -0.01
v -1.9 -12.35 -0.01
v -1.977646 -12.360223 -0.01
v -2.05 -12.390193 -0.01
v -2.112132 -12.437868 -0.01
v -2.159808 -12.5 -0.01
v -2.189778 -12.572354 -0.01
v -3.67 -11.65 -0.01
v -2.67 -11.65 -0.01
v -2.880222 -12.572354 -0.01
v -2.910192 -12.5 -0.01
v -2.957868 -12.437868 -0.01
v -3.02 -12.390193 -0.01
v -3.092354 -12.360223 -0.01
v -3.17 -12.35 -0.01
v -3.247646 -12.360223 -0.01
v -3.32 -12.390193 -0.01
v -3.382132 -12.437868 -0.01
v -3.429808 -12.5 -0.01
v -3.459778 -12.572354 -0.01
v -4.94 -11.65 -0.01
v -3.94 -11.65 -0.01
v -4.180192 -12.5 -0.01
v -4.227868 -12.437868 -0.01
v -4.29 -12.390193 -0.01
v -4.362354 -12.360223 -0.01
v -4.44 -12.35 -0.01
v -4.517645 -12.360223 -0.01
v -4.59 -12.390193 -0.01
v -4.150222 -12.572354 -0.01
v -4.652132 -12.437868 -0.01
v -4.699808 -12.5 -0.01
v -4.729777 -12.572354 -0.01
v -6.21 -11.65 -0.01
v -5.21 -11.65 -0.01
v -5.450192 -12.5 -0.01
v -5.497868 -12.437868 -0.01
v -5.56 -12.390193 -0.01
v -5.632354 -12.360223 -0.01
v -5.71 -12.35 -0.01
v -5.787646 -12.360223 -0.01
v -5.86 -12.390193 -0.01
v -5.420222 -12.572354 -0.01
v -5.922132 -12.437868 -0.01
v -5.969808 -12.5 -0.01
v -5.999778 -12.572354 -0.01
v -1.57793 1.880891 0.01
v -1.544203 1.771135 0.01
v -1.912343 1.880891 0.01
newmtl 4
Ka 1.0 1.0 1.0
Kd 1.0 1.0 1.0
Ks 0.30196078431372547 0.30196078431372547 0.30196078431372547
d 0.0
endmtl
v -1.957313 1.771135 0.01
v -1.72713 2.298574 0.01
v -1.680445 2.490648 0.01
v -1.302397 1.490648 0.01
v -1.448738 1.490648 0.01
v -1.736754 2.333257 0.01
v -1.743136 2.368696 0.01
v -1.814592 2.490648 0.01
v -1.746375 2.368696 0.01
v -1.752901 2.333363 0.01
v -1.76181 2.298574 0.01
v -2.204836 1.490648 0.01
v -2.058494 1.490648 0.01
v -1.76181 2.298574 0.0
v -1.752901 2.333363 0.0
v -1.746375 2.368696 0.0
v -1.743136 2.368696 0.0
v -1.736754 2.333257 0.0
v -1.72713 2.298574 0.0
v -1.57793 1.880891 0.0
v -1.912343 1.880891 0.0
v -0.70655 2.490648 0.01
v -0.424348 2.490648 0.01
v -0.851023 2.475204 0.01
v -0.968024 2.43412 0.01
v -1.076866 2.361178 0.01
v -1.077912 2.360259 0.01
v -1.148627 2.281847 0.01
v -1.1951 2.195845 0.01
v -1.221959 2.097319 0.01
v -1.229226 2.003224 0.01
v -1.215193 1.869395 0.01
v -1.179291 1.764726 0.01
v -1.121944 1.675282 0.01
v -1.039634 1.596471 0.01
v -0.935221 1.535793 0.01
v -0.819993 1.501448 0.01
v -0.696261 1.490648 0.01
v -0.424348 1.490648 0.01
v -1.0285 2.240661 0.01
v -0.979926 2.292235 0.01
v -0.906882 2.339424 0.01
v -0.824338 2.368309 0.01
v -0.705979 2.380892 0.01
v -0.558494 2.380892 0.01
v -0.558494 1.600404 0.01
v -0.700453 1.600404 0.01
v -0.805954 1.610223 0.01
v -0.890105 1.63649 0.01
v -0.958304 1.676988 0.01
v -1.014391 1.732386 0.01
v -1.056568 1.801333 0.01
v -1.085898 1.895333 0.01
v -1.095079 2.000365 0.01
v -1.086584 2.09989 0.01
v -1.06324 2.178984 0.01
v -0.700453 1.600404 0.0
v -0.558494 1.600404 0.0
v -0.805954 1.610223 0.0
v -0.890105 1.63649 0.0
v -0.958304 1.676988 0.0
v -1.014391 1.732386 0.0
v -1.056568 1.801333 0.0
v -1.085898 1.895333 0.0
v -1.095079 2.000365 0.0
v -1.086584 2.09989 0.0
v -1.06324 2.178984 0.0
v -1.0285 2.240661 0.0
v -0.979926 2.292235 0.0
v -0.906882 2.339424 0.0
v -0.824338 2.368309 0.0
v -0.705979 2.380892 0.0
v -0.558494 2.380892 0.0
v 0.30736 2.490648 0.01
v 0.30736 1.490648 0.01
v -0.204836 2.490648 0.01
v -0.204836 2.380892 0.01
v 0.173213 2.380892 0.01
v 0.173213 2.051623 0.01
v -0.180445 2.051623 0.01
v -0.180445 1.941867 0.01
v 0.173213 1.941867 0.01
v 0.173213 1.600404 0.01
v -0.229226 1.600404 0.01
v -0.229226 1.490648 0.01
v 0.777634 1.478452 0.01
v 0.90087 1.49123 0.01
v 0.997794 1.524592 0.01
v 1.078232 1.575958 0.01
v 1.153345 1.655036 0.01
v 1.206618 1.750121 0.01
v 1.236714 1.855971 0.01
v 1.246384 1.971783 0.01
v 1.231999 2.113953 0.01
v 1.193608 2.227261 0.01
v 1.134995 2.320755 0.01
v 1.044714 2.407582 0.01
v 0.94973 2.462256 0.01
v 0.838249 2.494643 0.01
v 0.737809 2.502843 0.01
v 0.618098 2.494582 0.01
v 0.502482 2.463208 0.01
v 0.502482 2.329062 0.01
v 0.615121 2.377295 0.01
v 0.736666 2.393086 0.01
v 0.835135 2.382028 0.01
v 0.909983 2.355016 0.01
v 0.979198 2.308712 0.01
v 1.039585 2.242045 0.01
v 1.080812 2.164835 0.01
v 1.107468 2.057783 0.01
v 1.112238 1.979977 0.01
v 1.102112 1.871721 0.01
v 1.074944 1.785707 0.01
v 1.033585 1.716367 0.01
v 0.98666 1.666861 0.01
v 0.925287 1.625496 0.01
v 0.852423 1.598671 0.01
v 0.759151 1.588208 0.01
v 0.62641 1.602942 0.01
v 0.520404 1.642305 0.01
v 0.502482 1.652233 0.01
v 0.502482 1.542477 0.01
v 0.609076 1.498709 0.01
v 0.750291 1.478922 0.01
v 1.843945 2.490648 0.01
v 1.843945 1.490648 0.01
v 1.709799 2.490648 0.01
v 1.709799 1.600404 0.01
v 1.33175 1.600404 0.01
v 1.33175 1.490648 0.01
v 6.00502 6.382855 1.1
v 6.00502 5.815754 1.1
newmtl 5
Ka 0.8313725490196079 0.8313725490196079 0.8196078431372549
Kd 0.8313725490196079 0.8313725490196079 0.8196078431372549
Ks 0.6666666666666666 0.6666666666666666 0.6549019607843137
d 0.0
endmtl
v 7.899091 5.815754 1.1
v 7.899091 6.382855 1.1
v 6.024152 4.350745 1.1
v 6.024152 4.902092 1.1
v 7.975618 4.350745 1.1
v 7.975618 4.902092 1.1
v 5.864454 5.593087 1.1
v 5.864454 5.08325 1.1
v 6.358963 5.08325 1.1
v 6.358963 5.593087 1.1
v 4.660412 5.72072 1.1
v 5.041407 5.957784 1.1
v 4.878314 5.370518 1.1
v 5.25931 5.607582 1.1
v 5.539025 6.738672 1.1
v 4.449024 6.060449 1.1
v 5.24704 7.207934 1.1
v 4.157039 6.529712 1.1
v -6.01 -12.65 1.01
v -6.21 -12.65 1.01
v -6.21 -12.65 1.0
v -6.21 -12.2 1.01
v -6.21 -12.2 1.0
v -5.21 -12.65 1.0
v -5.41 -12.65 1.01
v -5.21 -12.65 1.01
v -5.21 -12.2 1.01
v -5.21 -12.2 1.0
v -5.412567 -12.610843 1.01
v -5.56 -12.390193 1.01
v -5.595195 -12.372836 1.01
v -5.632354 -12.360223 1.01
v -5.969808 -12.5 1.01
v -5.948006 -12.467371 1.01
v -5.922132 -12.437868 1.01
v -5.892628 -12.411994 1.01
v -5.86 -12.390193 1.01
v -5.824805 -12.372836 1.01
v -5.787646 -12.360223 1.01
v -5.527371 -12.411994 1.01
v -5.497868 -12.437868 1.01
v -5.471994 -12.467371 1.01
v -6.007433 -12.610843 1.01
v -5.999778 -12.572354 1.01
v -5.987164 -12.535194 1.01
v -5.749157 -12.352566 1.01
v -5.71 -12.35 1.01
v -5.670842 -12.352566 1.01
v -5.450192 -12.5 1.01
v -5.432836 -12.535194 1.01
v -5.420222 -12.572354 1.01
v -6.007433 -12.610843 1.0
v -5.824805 -12.372836 1.0
v -5.527371 -12.411994 1.0
v -5.595195 -12.372836 1.0
v -5.948006 -12.467371 1.0
v -5.892628 -12.411994 1.0
v -5.471994 -12.467371 1.0
v -5.412567 -12.610843 1.0
v -5.432836 -12.535194 1.0
v -5.670842 -12.352566 1.0
v -5.749157 -12.352566 1.0
v -5.987164 -12.535194 1.0
v -9.0 5.66 1.01
v -9.0 5.86 1.01
v -9.0 5.86 1.0
v -8.55 5.86 1.01
v -8.55 5.86 1.0
v -9.0 4.86 1.0
v -9.0 5.06 1.01
v -9.0 4.86 1.01
v -8.55 4.86 1.01
v -8.55 4.86 1.0
v -8.960842 5.062567 1.01
v -8.740192 5.51 1.01
v -8.722836 5.474805 1.01
v -8.710222 5.437645 1.01
v -8.740192 5.21 1.01
v -8.722836 5.245195 1.01
v -8.710222 5.282354 1.01
v -8.960842 5.657434 1.01
v -8.922355 5.649777 1.01
v -8.885195 5.637164 1.01
v -8.849999 5.619808 1.01
v -8.817372 5.598006 1.01
v -8.702567 5.399158 1.01
v -8.7 5.36 1.01
v -8.702567 5.320842 1.01
v -8.761993 5.177372 1.01
v -8.787868 5.147868 1.01
v -8.817372 5.121994 1.01
v -8.787868 5.572132 1.01
v -8.761993 5.542628 1.01
v -8.849999 5.100193 1.01
v -8.885195 5.082836 1.01
v -8.922355 5.070222 1.01
v -8.960842 5.657434 1.0
v -8.761993 5.177372 1.0
v -8.722836 5.245195 1.0
v -8.722836 5.474805 1.0
v -8.817372 5.121994 1.0
v -8.702567 5.320842 1.0
v -8.702567 5.399158 1.0
v -8.761993 5.542628 1.0
v -8.817372 5.598006 1.0
v -8.960842 5.062567 1.0
v -8.885195 5.082836 1.0
v -8.885195 5.637164 1.0
v -9.0 4.39 1.01
v -9.0 4.59 1.01
v -9.0 4.59 1.0
v -8.55 4.59 1.01
v -8.55 4.59 1.0
v -9.0 3.59 1.0
v -9.0 3.79 1.01
v -9.0 3.59 1.01
v -8.55 3.59 1.01
v -8.55 3.59 1.0
v -8.960842 3.792567 1.01
v -8.740192 4.24 1.01
v -8.722836 4.204805 1.01
v -8.710222 4.167646 1.01
v -8.740192 3.94 1.01
v -8.722836 3.975195 1.01
v -8.710222 4.012354 1.01
v -8.761993 3.907372 1.01
v -8.787868 3.877868 1.01
v -8.817372 3.851994 1.01
v -8.849999 3.830192 1.01
v -8.885195 3.812836 1.01
v -8.922355 3.800222 1.01
v -8.960842 4.387434 1.01
v -8.922355 4.379778 1.01
v -8.885195 4.367164 1.01
v -8.849999 4.349808 1.01
v -8.817372 4.328006 1.01
v -8.702567 4.129158 1.01
v -8.7 4.09 1.01
v -8.702567 4.050842 1.01
v -8.787868 4.302132 1.01
v -8.761993 4.272629 1.01
v -8.960842 4.387434 1.0
v -8.817372 3.851994 1.0
v -8.722836 3.975195 1.0
v -8.960842 3.792567 1.0
v -8.885195 3.812836 1.0
v -8.761993 3.907372 1.0
v -8.722836 4.204805 1.0
v -8.702567 4.050842 1.0
v -8.702567 4.129158 1.0
v -8.761993 4.272629 1.0
v -8.817372 4.328006 1.0
v -8.885195 4.367164 1.0
v -9.0 3.12 1.01
v -9.0 3.32 1.01
v -9.0 3.32 1.0
v -8.55 3.32 1.01
v -8.55 3.32 1.0
v -9.0 2.32 1.0
v -9.0 2.52 1.01
v -9.0 2.32 1.01
v -8.55 2.32 1.01
v -8.55 2.32 1.0
v -8.960842 2.522567 1.01
v -8.740192 2.67 1.01
v -8.722836 2.705195 1.01
v -8.710222 2.742354 1.01
v -8.761993 3.002629 1.01
v -8.740192 2.97 1.01
v -8.722836 2.934805 1.01
v -8.710222 2.897646 1.01
v -8.702567 2.859158 1.01
v -8.7 2.82 1.01
v -8.702567 2.780842 1.01
v -8.761993 2.637372 1.01
v -8.787868 2.607868 1.01
v -8.817372 2.581994 1.01
v -8.849999 2.560193 1.01
v -8.885195 2.542836 1.01
v -8.922355 2.530222 1.01
v -8.849999 3.079808 1.01
v -8.817372 3.058006 1.01
v -8.787868 3.032132 1.01
v -8.960842 3.117434 1.01
v -8.922355 3.109778 1.01
v -8.885195 3.097164 1.01
v -8.960842 3.117434 1.0
v -8.817372 2.581994 1.0
v -8.722836 2.705195 1.0
v -8.960842 2.522567 1.0
v -8.885195 2.542836 1.0
v -8.761993 2.637372 1.0
v -8.702567 2.859158 1.0
v -8.702567 2.780842 1.0
v -8.722836 2.934805 1.0
v -8.761993 3.002629 1.0
v -8.817372 3.058006 1.0
v -8.885195 3.097164 1.0
v -9.0 1.85 1.01
v -9.0 2.05 1.01
v -9.0 2.05 1.0
v -8.55 2.05 1.01
v -8.55 2.05 1.0
v -9.0 1.05 1.0
v -9.0 1.25 1.01
v -9.0 1.05 1.01
v -8.55 1.05 1.01
v -8.55 1.05 1.0
v -8.960842 1.252567 1.01
v -8.740192 1.4 1.01
v -8.722836 1.435195 1.01
v -8.710222 1.472354 1.01
v -8.849999 1.809808 1.01
v -8.817372 1.788006 1.01
v -8.787868 1.762132 1.01
v -8.761993 1.732628 1.01
v -8.740192 1.7 1.01
v -8.722836 1.664805 1.01
v -8.710222 1.627646 1.01
v -8.702567 1.589158 1.01
v -8.7 1.55 1.01
v -8.702567 1.510842 1.01
v -8.761993 1.367372 1.01
v -8.787868 1.337868 1.01
v -8.817372 1.311994 1.01
v -8.960842 1.847434 1.01
v -8.922355 1.839778 1.01
v -8.885195 1.827164 1.01
v -8.849999 1.290192 1.01
v -8.885195 1.272836 1.01
v -8.922355 1.260222 1.01
v -8.960842 1.847434 1.0
v -8.761993 1.367372 1.0
v -8.722836 1.435195 1.0
v -8.702567 1.589158 1.0
v -8.702567 1.510842 1.0
v -8.722836 1.664805 1.0
v -8.761993 1.732628 1.0
v -8.817372 1.788006 1.0
v -8.817372 1.311994 1.0
v -8.960842 1.252567 1.0
v -8.885195 1.272836 1.0
v -8.885195 1.827164 1.0
v -9.0 0.58 1.01
v -9.0 0.78 1.01
v -9.0 0.78 1.0
v -8.55 0.78 1.01
v -8.55 0.78 1.0
v -9.0 -0.22 1.0
v -9.0 -0.02 1.01
v -9.0 -0.22 1.01
v -8.55 -0.22 1.01
v -8.55 -0.22 1.0
v -8.960842 -0.017433 1.01
v -8.761993 0.462628 1.01
v -8.740192 0.43 1.01
v -8.722836 0.394805 1.01
v -8.710222 0.357646 1.01
v -8.849999 0.539808 1.01
v -8.817372 0.518006 1.01
v -8.787868 0.492132 1.01
v -8.702567 0.319158 1.01
v -8.7 0.28 1.01
v -8.702567 0.240842 1.01
v -8.710222 0.202354 1.01
v -8.722836 0.165195 1.01
v -8.740192 0.13 1.01
v -8.960842 0.577433 1.01
v -8.922355 0.569778 1.01
v -8.885195 0.557164 1.01
v -8.761993 0.097372 1.01
v -8.787868 0.067868 1.01
v -8.817372 0.041994 1.01
v -8.849999 0.020192 1.01
v -8.885195 0.002836 1.01
v -8.922355 -0.009778 1.01
v -8.960842 0.577433 1.0
v -8.722836 0.394805 1.0
v -8.761993 0.097372 1.0
v -8.722836 0.165195 1.0
v -8.702567 0.240842 1.0
v -8.702567 0.319158 1.0
v -8.761993 0.462628 1.0
v -8.817372 0.518006 1.0
v -8.817372 0.041994 1.0
v -8.885195 0.557164 1.0
v -8.960842 -0.017433 1.0
v -8.885195 0.002836 1.0
v -9.0 -0.69 1.01
v -9.0 -0.49 1.01
v -9.0 -0.49 1.0
v -8.55 -0.49 1.01
v -8.55 -0.49 1.0
v -9.0 -1.49 1.0
v -9.0 -1.29 1.01
v -9.0 -1.49 1.01
v -8.55 -1.49 1.01
v -8.55 -1.49 1.0
v -8.960842 -1.287433 1.01
v -8.740192 -1.14 1.01
v -8.722836 -1.104805 1.01
v -8.710222 -1.067646 1.01
v -8.761993 -0.807372 1.01
v -8.740192 -0.84 1.01
v -8.722836 -0.875195 1.01
v -8.710222 -0.912354 1.01
v -8.702567 -0.950842 1.01
v -8.7 -0.99 1.01
v -8.702567 -1.029158 1.01
v -8.849999 -0.730192 1.01
v -8.817372 -0.751994 1.01
v -8.787868 -0.777868 1.01
v -8.761993 -1.172629 1.01
v -8.787868 -1.202132 1.01
v -8.817372 -1.228006 1.01
v -8.960842 -0.692567 1.01
v -8.922355 -0.700222 1.01
v -8.885195 -0.712836 1.01
v -8.849999 -1.249808 1.01
v -8.885195 -1.267164 1.01
v -8.922355 -1.279778 1.01
v -8.960842 -0.692567 1.0
v -8.761993 -1.172629 1.0
v -8.722836 -1.104805 1.0
v -8.702567 -0.950842 1.0
v -8.702567 -1.029158 1.0
v -8.722836 -0.875195 1.0
v -8.817372 -1.228006 1.0
v -8.761993 -0.807372 1.0
v -8.817372 -0.751994 1.0
v -8.960842 -1.287433 1.0
v -8.885195 -1.267164 1.0
v -8.885195 -0.712836 1.0
v -9.0 -1.96 1.01
v -9.0 -1.76 1.01
v -9.0 -1.76 1.0
v -8.55 -1.76 1.01
v -8.55 -1.76 1.0
v -9.0 -2.76 1.0
v -9.0 -2.56 1.01
v -9.0 -2.76 1.01
v -8.55 -2.76 1.01
v -8.55 -2.76 1.0
v -8.960842 -2.557433 1.01
v -8.740192 -2.41 1.01
v -8.722836 -2.374805 1.01
v -8.710222 -2.337646 1.01
v -8.761993 -2.077372 1.01
v -8.740192 -2.11 1.01
v -8.722836 -2.145195 1.01
v -8.710222 -2.182354 1.01
v -8.702567 -2.220842 1.01
v -8.7 -2.26 1.01
v -8.702567 -2.299158 1.01
v -8.761993 -2.442628 1.01
v -8.787868 -2.472132 1.01
v -8.817372 -2.498006 1.01
v -8.849999 -2.519808 1.01
v -8.885195 -2.537164 1.01
v -8.922355 -2.549778 1.01
v -8.849999 -2.000192 1.01
v -8.817372 -2.021994 1.01
v -8.787868 -2.047868 1.01
v -8.960842 -1.962566 1.01
v -8.922355 -1.970222 1.01
v -8.885195 -1.982836 1.01
v -8.960842 -1.962566 1.0
v -8.817372 -2.498006 1.0
v -8.722836 -2.374805 1.0
v -8.960842 -2.557433 1.0
v -8.885195 -2.537164 1.0
v -8.761993 -2.442628 1.0
v -8.702567 -2.220842 1.0
v -8.702567 -2.299158 1.0
v -8.722836 -2.145195 1.0
v -8.761993 -2.077372 1.0
v -8.817372 -2.021994 1.0
v -8.885195 -1.982836 1.0
v -9.0 -3.23 1.01
v -9.0 -3.03 1.01
v -9.0 -3.03 1.0
v -8.55 -3.03 1.01
v -8.55 -3.03 1.0
v -9.0 -4.03 1.0
v -9.0 -3.83 1.01
v -9.0 -4.03 1.01
v -8.55 -4.03 1.01
v -8.55 -4.03 1.0
v -8.960842 -3.827434 1.01
v -8.740192 -3.68 1.01
v -8.722836 -3.644805 1.01
v -8.710222 -3.607646 1.01
v -8.761993 -3.347372 1.01
v -8.740192 -3.38 1.01
v -8.722836 -3.415195 1.01
v -8.710222 -3.452354 1.01
v -8.702567 -3.490842 1.01
v -8.7 -3.53 1.01
v -8.702567 -3.569158 1.01
v -8.761993 -3.712629 1.01
v -8.787868 -3.742132 1.01
v -8.817372 -3.768006 1.01
v -8.849999 -3.789808 1.01
v -8.885195 -3.807164 1.01
v -8.922355 -3.819778 1.01
v -8.849999 -3.270192 1.01
v -8.817372 -3.291994 1.01
v -8.787868 -3.317868 1.01
v -8.960842 -3.232567 1.01
v -8.922355 -3.240222 1.01
v -8.885195 -3.252836 1.01
v -8.960842 -3.232567 1.0
v -8.817372 -3.768006 1.0
v -8.722836 -3.644805 1.0
v -8.960842 -3.827434 1.0
v -8.885195 -3.807164 1.0
v -8.761993 -3.712629 1.0
v -8.702567 -3.490842 1.0
v -8.702567 -3.569158 1.0
v -8.722836 -3.415195 1.0
v -8.761993 -3.347372 1.0
v -8.817372 -3.291994 1.0
v -8.885195 -3.252836 1.0
v -9.0 -4.5 1.01
v -9.0 -4.3 1.01
v -9.0 -4.3 1.0
v -8.55 -4.3 1.01
v -8.55 -4.3 1.0
v -9.0 -5.3 1.0
v -9.0 -5.1 1.01
v -9.0 -5.3 1.01
v -8.55 -5.3 1.01
v -8.55 -5.3 1.0
v -8.960842 -5.097434 1.01
v -8.740192 -4.65 1.01
v -8.722836 -4.685195 1.01
v -8.710222 -4.722354 1.01
v -8.740192 -4.95 1.01
v -8.722836 -4.914805 1.01
v -8.710222 -4.877645 1.01
v -8.960842 -4.502566 1.01
v -8.922355 -4.510222 1.01
v -8.885195 -4.522836 1.01
v -8.849999 -4.540193 1.01
v -8.817372 -4.561994 1.01
v -8.702567 -4.760842 1.01
v -8.7 -4.8 1.01
v -8.702567 -4.839158 1.01
v -8.761993 -4.982628 1.01
v -8.787868 -5.012132 1.01
v -8.817372 -5.038006 1.01
v -8.787868 -4.587868 1.01
v -8.761993 -4.617372 1.01
v -8.849999 -5.059808 1.01
v -8.885195 -5.077164 1.01
v -8.922355 -5.089777 1.01
v -8.960842 -4.502566 1.0
v -8.761993 -4.982628 1.0
v -8.722836 -4.914805 1.0
v -8.722836 -4.685195 1.0
v -8.817372 -5.038006 1.0
v -8.702567 -4.839158 1.0
v -8.702567 -4.760842 1.0
v -8.761993 -4.617372 1.0
v -8.817372 -4.561994 1.0
v -8.960842 -5.097434 1.0
v -8.885195 -5.077164 1.0
v -8.885195 -4.522836 1.0
v -9.0 -5.77 1.01
v -9.0 -5.57 1.01
v -9.0 -5.57 1.0
v -8.55 -5.57 1.01
v -8.55 -5.57 1.0
v -9.0 -6.57 1.0
v -9.0 -6.37 1.01
v -9.0 -6.57 1.01
v -8.55 -6.57 1.01
v -8.55 -6.57 1.0
v -8.960842 -6.367434 1.01
v -8.740192 -5.92 1.01
v -8.722836 -5.955195 1.01
v -8.710222 -5.992354 1.01
v -8.740192 -6.22 1.01
v -8.722836 -6.184805 1.01
v -8.710222 -6.147646 1.01
v -8.960842 -5.772566 1.01
v -8.922355 -5.780222 1.01
v -8.885195 -5.792836 1.01
v -8.849999 -5.810192 1.01
v -8.817372 -5.831994 1.01
v -8.702567 -6.030842 1.01
v -8.7 -6.07 1.01
v -8.702567 -6.109158 1.01
v -8.761993 -6.252628 1.01
v -8.787868 -6.282132 1.01
v -8.817372 -6.308006 1.01
v -8.787868 -5.857868 1.01
v -8.761993 -5.887372 1.01
v -8.849999 -6.329807 1.01
v -8.885195 -6.347164 1.01
v -8.922355 -6.359778 1.01
v -8.960842 -5.772566 1.0
v -8.761993 -6.252628 1.0
v -8.722836 -6.184805 1.0
v -8.722836 -5.955195 1.0
v -8.817372 -6.308006 1.0
v -8.702567 -6.109158 1.0
v -8.702567 -6.030842 1.0
v -8.761993 -5.887372 1.0
v -8.817372 -5.831994 1.0
v -8.960842 -6.367434 1.0
v -8.885195 -6.347164 1.0
v -8.885195 -5.792836 1.0
v -9.0 -7.04 1.01
v -9.0 -6.84 1.01
v -9.0 -6.84 1.0
v -8.55 -6.84 1.01
v -8.55 -6.84 1.0
v -9.0 -7.84 1.0
v -9.0 -7.64 1.01
v -9.0 -7.84 1.01
v -8.55 -7.84 1.01
v -8.55 -7.84 1.0
v -8.960842 -7.637433 1.01
v -8.740192 -7.19 1.01
v -8.722836 -7.225195 1.01
v -8.710222 -7.262354 1.01
v -8.740192 -7.49 1.01
v -8.722836 -7.454805 1.01
v -8.710222 -7.417646 1.01
v -8.960842 -7.042566 1.01
v -8.922355 -7.050222 1.01
v -8.885195 -7.062836 1.01
v -8.849999 -7.080192 1.01
v -8.817372 -7.101994 1.01
v -8.702567 -7.300842 1.01
v -8.7 -7.34 1.01
v -8.702567 -7.379158 1.01
v -8.761993 -7.522629 1.01
v -8.787868 -7.552132 1.01
v -8.817372 -7.578006 1.01
v -8.787868 -7.127868 1.01
v -8.761993 -7.157372 1.01
v -8.849999 -7.599808 1.01
v -8.885195 -7.617164 1.01
v -8.922355 -7.629778 1.01
v -8.960842 -7.042566 1.0
v -8.761993 -7.522629 1.0
v -8.722836 -7.454805 1.0
v -8.722836 -7.225195 1.0
v -8.817372 -7.578006 1.0
v -8.702567 -7.379158 1.0
v -8.702567 -7.300842 1.0
v -8.761993 -7.157372 1.0
v -8.817372 -7.101994 1.0
v -8.960842 -7.637433 1.0
v -8.885195 -7.617164 1.0
v -8.885195 -7.062836 1.0
v -9.0 -8.31 1.01
v -9.0 -8.11 1.01
v -9.0 -8.11 1.0
v -8.55 -8.11 1.01
v -8.55 -8.11 1.0
v -9.0 -9.11 1.0
v -9.0 -8.91 1.01
v -9.0 -9.11 1.01
v -8.55 -9.11 1.01
v -8.55 -9.11 1.0
v -8.960842 -8.907434 1.01
v -8.960842 -8.312566 1.01
v -8.922355 -8.320223 1.01
v -8.885195 -8.332836 1.01
v -8.849999 -8.350193 1.01
v -8.817372 -8.371994 1.01
v -8.702567 -8.649158 1.01
v -8.710222 -8.687646 1.01
v -8.722836 -8.724805 1.01
v -8.740192 -8.759999 1.01
v -8.787868 -8.397868 1.01
v -8.761993 -8.427371 1.01
v -8.740192 -8.46 1.01
v -8.7 -8.61 1.01
v -8.702567 -8.570843 1.01
v -8.761993 -8.792628 1.01
v -8.787868 -8.822132 1.01
v -8.817372 -8.848006 1.01
v -8.722836 -8.495194 1.01
v -8.710222 -8.532354 1.01
v -8.849999 -8.869807 1.01
v -8.885195 -8.887164 1.01
v -8.922355 -8.899778 1.01
v -8.960842 -8.312566 1.0
v -8.722836 -8.724805 1.0
v -8.817372 -8.848006 1.0
v -8.761993 -8.792628 1.0
v -8.960842 -8.907434 1.0
v -8.885195 -8.887164 1.0
v -8.702567 -8.649158 1.0
v -8.702567 -8.570843 1.0
v -8.761993 -8.427371 1.0
v -8.817372 -8.371994 1.0
v -8.885195 -8.332836 1.0
v -8.722836 -8.495194 1.0
v -9.0 -9.58 1.01
v -9.0 -9.38 1.01
v -9.0 -9.38 1.0
v -8.55 -9.38 1.01
v -8.55 -9.38 1.0
v -9.0 -10.38 1.0
v -9.0 -10.18 1.01
v -9.0 -10.38 1.01
v -8.55 -10.38 1.01
v -8.55 -10.38 1.0
v -8.960842 -10.177433 1.01
v -8.960842 -9.582566 1.01
v -8.922355 -9.590222 1.01
v -8.885195 -9.602837 1.01
v -8.849999 -9.620193 1.01
v -8.817372 -9.641994 1.01
v -8.702567 -9.919158 1.01
v -8.710222 -9.957646 1.01
v -8.722836 -9.994804 1.01
v -8.740192 -10.03 1.01
v -8.787868 -9.667868 1.01
v -8.761993 -9.697371 1.01
v -8.740192 -9.73 1.01
v -8.7 -9.88 1.01
v -8.702567 -9.840842 1.01
v -8.761993 -10.062629 1.01
v -8.787868 -10.092132 1.01
v -8.817372 -10.118006 1.01
v -8.722836 -9.765195 1.01
v -8.710222 -9.802355 1.01
v -8.849999 -10.139808 1.01
v -8.885195 -10.157165 1.01
v -8.922355 -10.169778 1.01
v -8.960842 -9.582566 1.0
v -8.722836 -9.994804 1.0
v -8.817372 -10.118006 1.0
v -8.761993 -10.062629 1.0
v -8.960842 -10.177433 1.0
v -8.885195 -10.157165 1.0
v -8.702567 -9.919158 1.0
v -8.702567 -9.840842 1.0
v -8.761993 -9.697371 1.0
v -8.817372 -9.641994 1.0
v -8.885195 -9.602837 1.0
v -8.722836 -9.765195 1.0
v -9.0 -10.85 1.01
v -9.0 -10.65 1.01
v -9.0 -10.65 1.0
v -8.55 -10.65 1.01
v -8.55 -10.65 1.0
v -9.0 -11.65 1.0
v -9.0 -11.45 1.01
v -9.0 -11.65 1.01
v -8.55 -11.65 1.01
v -8.55 -11.65 1.0
v -8.960842 -11.447433 1.01
v -8.960842 -10.852567 1.01
v -8.922355 -10.860223 1.01
v -8.885195 -10.872836 1.01
v -8.849999 -10.890192 1.01
v -8.817372 -10.911994 1.01
v -8.702567 -11.189158 1.01
v -8.710222 -11.227646 1.01
v -8.722836 -11.264805 1.01
v -8.740192 -11.3 1.01
v -8.787868 -10.937868 1.01
v -8.761993 -10.967372 1.01
v -8.740192 -11.0 1.01
v -8.7 -11.15 1.01
v -8.702567 -11.110842 1.01
v -8.761993 -11.332628 1.01
v -8.787868 -11.362132 1.01
v -8.817372 -11.388005 1.01
v -8.722836 -11.035194 1.01
v -8.710222 -11.072354 1.01
v -8.849999 -11.409808 1.01
v -8.885195 -11.427164 1.01
v -8.922355 -11.439778 1.01
v -8.960842 -10.852567 1.0
v -8.722836 -11.264805 1.0
v -8.817372 -11.388005 1.0
v -8.761993 -11.332628 1.0
v -8.960842 -11.447433 1.0
v -8.885195 -11.427164 1.0
v -8.702567 -11.189158 1.0
v -8.702567 -11.110842 1.0
v -8.761993 -10.967372 1.0
v -8.817372 -10.911994 1.0
v -8.885195 -10.872836 1.0
v -8.722836 -11.035194 1.0
v 9.0 -11.45 1.01
v 9.0 -11.65 1.01
v 9.0 -11.65 1.0
v 9.0 -10.65 1.0
v 9.0 -10.85 1.01
v 9.0 -10.65 1.01
v 8.55 -10.65 1.01
v 8.55 -10.65 1.0
v 8.55 -11.65 1.01
v 8.55 -11.65 1.0
v 8.849999 -11.409808 1.01
v 8.817372 -11.388005 1.01
v 8.787868 -11.362132 1.01
v 8.761993 -11.332628 1.01
v 8.710222 -11.072354 1.01
v 8.722836 -11.035194 1.01
v 8.740192 -11.3 1.01
v 8.722836 -11.264805 1.01
v 8.710222 -11.227646 1.01
v 8.702567 -11.189158 1.01
v 8.7 -11.15 1.01
v 8.702567 -11.110842 1.01
v 8.885195 -10.872836 1.01
v 8.960842 -11.447433 1.01
v 8.922355 -11.439778 1.01
v 8.885195 -11.427164 1.01
v 8.740192 -11.0 1.01
v 8.761993 -10.967372 1.01
v 8.787868 -10.937868 1.01
v 8.922355 -10.860223 1.01
v 8.960842 -10.852567 1.01
v 8.817372 -10.911994 1.01
v 8.849999 -10.890192 1.01
v 8.960842 -11.447433 1.0
v 8.761993 -10.967372 1.0
v 8.740192 -11.0 1.0
v 8.722836 -11.035194 1.0
v 8.710222 -11.072354 1.0
v 8.960842 -10.852567 1.0
v 8.922355 -10.860223 1.0
v 8.885195 -10.872836 1.0
v 8.849999 -10.890192 1.0
v 8.702567 -11.110842 1.0
v 8.7 -11.15 1.0
v 8.702567 -11.189158 1.0
v 8.710222 -11.227646 1.0
v 8.761993 -11.332628 1.0
v 8.787868 -11.362132 1.0
v 8.817372 -11.388005 1.0
v 8.817372 -10.911994 1.0
v 8.787868 -10.937868 1.0
v 8.722836 -11.264805 1.0
v 8.740192 -11.3 1.0
v 8.849999 -11.409808 1.0
v 8.885195 -11.427164 1.0
v 8.922355 -11.439778 1.0
v 9.0 -10.18 1.01
v 9.0 -10.38 1.01
v 9.0 -10.38 1.0
v 9.0 -9.38 1.0
v 9.0 -9.58 1.01
v 9.0 -9.38 1.01
v 8.55 -9.38 1.01
v 8.55 -9.38 1.0
v 8.55 -10.38 1.01
v 8.55 -10.38 1.0
v 8.849999 -10.139808 1.01
v 8.817372 -10.118006 1.01
v 8.787868 -10.092132 1.01
v 8.761993 -10.062629 1.01
v 8.710222 -9.802355 1.01
v 8.722836 -9.765195 1.01
v 8.740192 -10.03 1.01
v 8.722836 -9.994804 1.01
v 8.710222 -9.957646 1.01
v 8.702567 -9.919158 1.01
v 8.7 -9.88 1.01
v 8.702567 -9.840842 1.01
v 8.885195 -9.602837 1.01
v 8.960842 -10.177433 1.01
v 8.922355 -10.169778 1.01
v 8.885195 -10.157165 1.01
v 8.740192 -9.73 1.01
v 8.761993 -9.697371 1.01
v 8.787868 -9.667868 1.01
v 8.922355 -9.590222 1.01
v 8.960842 -9.582566 1.01
v 8.817372 -9.641994 1.01
v 8.849999 -9.620193 1.01
v 8.960842 -10.177433 1.0
v 8.761993 -9.697371 1.0
v 8.740192 -9.73 1.0
v 8.722836 -9.765195 1.0
v 8.710222 -9.802355 1.0
v 8.960842 -9.582566 1.0
v 8.922355 -9.590222 1.0
v 8.885195 -9.602837 1.0
v 8.849999 -9.620193 1.0
v 8.702567 -9.840842 1.0
v 8.7 -9.88 1.0
v 8.702567 -9.919158 1.0
v 8.710222 -9.957646 1.0
v 8.761993 -10.062629 1.0
v 8.787868 -10.092132 1.0
v 8.817372 -10.118006 1.0
v 8.817372 -9.641994 1.0
v 8.787868 -9.667868 1.0
v 8.722836 -9.994804 1.0
v 8.740192 -10.03 1.0
v 8.849999 -10.139808 1.0
v 8.885195 -10.157165 1.0
v 8.922355 -10.169778 1.0
v 9.0 -8.91 1.01
v 9.0 -9.11 1.01
v 9.0 -9.11 1.0
v 9.0 -8.11 1.0
v 9.0 -8.31 1.01
v 9.0 -8.11 1.01
v 8.55 -8.11 1.01
v 8.55 -8.11 1.0
v 8.55 -9.11 1.01
v 8.55 -9.11 1.0
v 8.849999 -8.869807 1.01
v 8.817372 -8.848006 1.01
v 8.787868 -8.822132 1.01
v 8.761993 -8.792628 1.01
v 8.710222 -8.532354 1.01
v 8.722836 -8.495194 1.01
v 8.740192 -8.759999 1.01
v 8.722836 -8.724805 1.01
v 8.710222 -8.687646 1.01
v 8.702567 -8.649158 1.01
v 8.7 -8.61 1.01
v 8.702567 -8.570843 1.01
v 8.885195 -8.332836 1.01
v 8.960842 -8.907434 1.01
v 8.922355 -8.899778 1.01
v 8.885195 -8.887164 1.01
v 8.740192 -8.46 1.01
v 8.761993 -8.427371 1.01
v 8.787868 -8.397868 1.01
v 8.922355 -8.320223 1.01
v 8.960842 -8.312566 1.01
v 8.817372 -8.371994 1.01
v 8.849999 -8.350193 1.01
v 8.960842 -8.907434 1.0
v 8.761993 -8.427371 1.0
v 8.740192 -8.46 1.0
v 8.722836 -8.495194 1.0
v 8.710222 -8.532354 1.0
v 8.960842 -8.312566 1.0
v 8.922355 -8.320223 1.0
v 8.885195 -8.332836 1.0
v 8.849999 -8.350193 1.0
v 8.702567 -8.570843 1.0
v 8.7 -8.61 1.0
v 8.702567 -8.649158 1.0
v 8.710222 -8.687646 1.0
v 8.761993 -8.792628 1.0
v 8.787868 -8.822132 1.0
v 8.817372 -8.848006 1.0
v 8.817372 -8.371994 1.0
v 8.787868 -8.397868 1.0
v 8.722836 -8.724805 1.0
v 8.740192 -8.759999 1.0
v 8.849999 -8.869807 1.0
v 8.885195 -8.887164 1.0
v 8.922355 -8.899778 1.0
v 9.0 -7.64 1.01
v 9.0 -7.84 1.01
v 9.0 -7.84 1.0
v 9.0 -6.84 1.0
v 9.0 -7.04 1.01
v 9.0 -6.84 1.01
v 8.55 -6.84 1.01
v 8.55 -6.84 1.0
v 8.55 -7.84 1.01
v 8.55 -7.84 1.0
v 8.960842 -7.042566 1.01
v 8.740192 -7.19 1.01
v 8.722836 -7.225195 1.01
v 8.710222 -7.262354 1.01
v 8.849999 -7.599808 1.01
v 8.817372 -7.578006 1.01
v 8.787868 -7.552132 1.01
v 8.761993 -7.522629 1.01
v 8.740192 -7.49 1.01
v 8.722836 -7.454805 1.01
v 8.710222 -7.417646 1.01
v 8.761993 -7.157372 1.01
v 8.787868 -7.127868 1.01
v 8.817372 -7.101994 1.01
v 8.960842 -7.637433 1.01
v 8.922355 -7.629778 1.01
v 8.885195 -7.617164 1.01
v 8.702567 -7.379158 1.01
v 8.7 -7.34 1.01
v 8.702567 -7.300842 1.01
v 8.849999 -7.080192 1.01
v 8.885195 -7.062836 1.01
v 8.922355 -7.050222 1.01
v 8.960842 -7.637433 1.0
v 8.761993 -7.157372 1.0
v 8.740192 -7.19 1.0
v 8.722836 -7.225195 1.0
v 8.710222 -7.262354 1.0
v 8.710222 -7.417646 1.0
v 8.722836 -7.454805 1.0
v 8.740192 -7.49 1.0
v 8.761993 -7.522629 1.0
v 8.787868 -7.552132 1.0
v 8.817372 -7.578006 1.0
v 8.849999 -7.080192 1.0
v 8.817372 -7.101994 1.0
v 8.787868 -7.127868 1.0
v 8.849999 -7.599808 1.0
v 8.885195 -7.617164 1.0
v 8.922355 -7.629778 1.0
v 8.960842 -7.042566 1.0
v 8.922355 -7.050222 1.0
v 8.885195 -7.062836 1.0
v 8.702567 -7.300842 1.0
v 8.7 -7.34 1.0
v 8.702567 -7.379158 1.0
v 9.0 -6.37 1.01
v 9.0 -6.57 1.01
v 9.0 -6.57 1.0
v 9.0 -5.57 1.0
v 9.0 -5.77 1.01
v 9.0 -5.57 1.01
v 8.55 -5.57 1.01
v 8.55 -5.57 1.0
v 8.55 -6.57 1.01
v 8.55 -6.57 1.0
v 8.960842 -5.772566 1.01
v 8.740192 -5.92 1.01
v 8.722836 -5.955195 1.01
v 8.710222 -5.992354 1.01
v 8.849999 -6.329807 1.01
v 8.817372 -6.308006 1.01
v 8.787868 -6.282132 1.01
v 8.761993 -6.252628 1.01
v 8.740192 -6.22 1.01
v 8.722836 -6.184805 1.01
v 8.710222 -6.147646 1.01
v 8.761993 -5.887372 1.01
v 8.787868 -5.857868 1.01
v 8.817372 -5.831994 1.01
v 8.960842 -6.367434 1.01
v 8.922355 -6.359778 1.01
v 8.885195 -6.347164 1.01
v 8.702567 -6.109158 1.01
v 8.7 -6.07 1.01
v 8.702567 -6.030842 1.01
v 8.849999 -5.810192 1.01
v 8.885195 -5.792836 1.01
v 8.922355 -5.780222 1.01
v 8.960842 -6.367434 1.0
v 8.761993 -5.887372 1.0
v 8.740192 -5.92 1.0
v 8.722836 -5.955195 1.0
v 8.710222 -5.992354 1.0
v 8.710222 -6.147646 1.0
v 8.722836 -6.184805 1.0
v 8.740192 -6.22 1.0
v 8.761993 -6.252628 1.0
v 8.787868 -6.282132 1.0
v 8.817372 -6.308006 1.0
v 8.849999 -5.810192 1.0
v 8.817372 -5.831994 1.0
v 8.787868 -5.857868 1.0
v 8.849999 -6.329807 1.0
v 8.885195 -6.347164 1.0
v 8.922355 -6.359778 1.0
v 8.960842 -5.772566 1.0
v 8.922355 -5.780222 1.0
v 8.885195 -5.792836 1.0
v 8.702567 -6.030842 1.0
v 8.7 -6.07 1.0
v 8.702567 -6.109158 1.0
v 9.0 -5.1 1.01
v 9.0 -5.3 1.01
v 9.0 -5.3 1.0
v 9.0 -4.3 1.0
v 9.0 -4.5 1.01
v 9.0 -4.3 1.01
v 8.55 -4.3 1.01
v 8.55 -4.3 1.0
v 8.55 -5.3 1.01
v 8.55 -5.3 1.0
v 8.960842 -4.502566 1.01
v 8.740192 -4.65 1.01
v 8.722836 -4.685195 1.01
v 8.710222 -4.722354 1.01
v 8.849999 -5.059808 1.01
v 8.817372 -5.038006 1.01
v 8.787868 -5.012132 1.01
v 8.761993 -4.982628 1.01
v 8.740192 -4.95 1.01
v 8.722836 -4.914805 1.01
v 8.710222 -4.877645 1.01
v 8.761993 -4.617372 1.01
v 8.787868 -4.587868 1.01
v 8.817372 -4.561994 1.01
v 8.960842 -5.097434 1.01
v 8.922355 -5.089777 1.01
v 8.885195 -5.077164 1.01
v 8.702567 -4.839158 1.01
v 8.7 -4.8 1.01
v 8.702567 -4.760842 1.01
v 8.849999 -4.540193 1.01
v 8.885195 -4.522836 1.01
v 8.922355 -4.510222 1.01
v 8.960842 -5.097434 1.0
v 8.761993 -4.617372 1.0
v 8.740192 -4.65 1.0
v 8.722836 -4.685195 1.0
v 8.710222 -4.722354 1.0
v 8.710222 -4.877645 1.0
v 8.722836 -4.914805 1.0
v 8.740192 -4.95 1.0
v 8.761993 -4.982628 1.0
v 8.787868 -5.012132 1.0
v 8.817372 -5.038006 1.0
v 8.849999 -4.540193 1.0
v 8.817372 -4.561994 1.0
v 8.787868 -4.587868 1.0
v 8.849999 -5.059808 1.0
v 8.885195 -5.077164 1.0
v 8.922355 -5.089777 1.0
v 8.960842 -4.502566 1.0
v 8.922355 -4.510222 1.0
v 8.885195 -4.522836 1.0
v 8.702567 -4.760842 1.0
v 8.7 -4.8 1.0
v 8.702567 -4.839158 1.0
v 9.0 -3.83 1.01
v 9.0 -4.03 1.01
v 9.0 -4.03 1.0
v 9.0 -3.03 1.0
v 9.0 -3.23 1.01
v 9.0 -3.03 1.01
v 8.55 -3.03 1.01
v 8.55 -3.03 1.0
v 8.55 -4.03 1.01
v 8.55 -4.03 1.0
v 8.960842 -3.232567 1.01
v 8.849999 -3.789808 1.01
v 8.817372 -3.768006 1.01
v 8.710222 -3.607646 1.01
v 8.722836 -3.644805 1.01
v 8.740192 -3.68 1.01
v 8.960842 -3.827434 1.01
v 8.922355 -3.819778 1.01
v 8.885195 -3.807164 1.01
v 8.787868 -3.742132 1.01
v 8.761993 -3.712629 1.01
v 8.702567 -3.490842 1.01
v 8.7 -3.53 1.01
v 8.702567 -3.569158 1.01
v 8.710222 -3.452354 1.01
v 8.722836 -3.415195 1.01
v 8.740192 -3.38 1.01
v 8.761993 -3.347372 1.01
v 8.787868 -3.317868 1.01
v 8.817372 -3.291994 1.01
v 8.849999 -3.270192 1.01
v 8.885195 -3.252836 1.01
v 8.922355 -3.240222 1.01
v 8.960842 -3.827434 1.0
v 8.761993 -3.347372 1.0
v 8.740192 -3.38 1.0
v 8.722836 -3.415195 1.0
v 8.710222 -3.452354 1.0
v 8.849999 -3.270192 1.0
v 8.817372 -3.291994 1.0
v 8.787868 -3.317868 1.0
v 8.702567 -3.490842 1.0
v 8.7 -3.53 1.0
v 8.702567 -3.569158 1.0
v 8.710222 -3.607646 1.0
v 8.722836 -3.644805 1.0
v 8.740192 -3.68 1.0
v 8.960842 -3.232567 1.0
v 8.922355 -3.240222 1.0
v 8.885195 -3.252836 1.0
v 8.761993 -3.712629 1.0
v 8.787868 -3.742132 1.0
v 8.817372 -3.768006 1.0
v 8.849999 -3.789808 1.0
v 8.885195 -3.807164 1.0
v 8.922355 -3.819778 1.0
v 9.0 -2.56 1.01
v 9.0 -2.76 1.01
v 9.0 -2.76 1.0
v 9.0 -1.76 1.0
v 9.0 -1.96 1.01
v 9.0 -1.76 1.01
v 8.55 -1.76 1.01
v 8.55 -1.76 1.0
v 8.55 -2.76 1.01
v 8.55 -2.76 1.0
v 8.960842 -1.962566 1.01
v 8.849999 -2.519808 1.01
v 8.817372 -2.498006 1.01
v 8.710222 -2.337646 1.01
v 8.722836 -2.374805 1.01
v 8.740192 -2.41 1.01
v 8.960842 -2.557433 1.01
v 8.922355 -2.549778 1.01
v 8.885195 -2.537164 1.01
v 8.787868 -2.472132 1.01
v 8.761993 -2.442628 1.01
v 8.702567 -2.220842 1.01
v 8.7 -2.26 1.01
v 8.702567 -2.299158 1.01
v 8.710222 -2.182354 1.01
v 8.722836 -2.145195 1.01
v 8.740192 -2.11 1.01
v 8.761993 -2.077372 1.01
v 8.787868 -2.047868 1.01
v 8.817372 -2.021994 1.01
v 8.849999 -2.000192 1.01
v 8.885195 -1.982836 1.01
v 8.922355 -1.970222 1.01
v 8.960842 -2.557433 1.0
v 8.761993 -2.077372 1.0
v 8.740192 -2.11 1.0
v 8.722836 -2.145195 1.0
v 8.710222 -2.182354 1.0
v 8.849999 -2.000192 1.0
v 8.817372 -2.021994 1.0
v 8.787868 -2.047868 1.0
v 8.702567 -2.220842 1.0
v 8.7 -2.26 1.0
v 8.702567 -2.299158 1.0
v 8.710222 -2.337646 1.0
v 8.722836 -2.374805 1.0
v 8.740192 -2.41 1.0
v 8.960842 -1.962566 1.0
v 8.922355 -1.970222 1.0
v 8.885195 -1.982836 1.0
v 8.761993 -2.442628 1.0
v 8.787868 -2.472132 1.0
v 8.817372 -2.498006 1.0
v 8.849999 -2.519808 1.0
v 8.885195 -2.537164 1.0
v 8.922355 -2.549778 1.0
v 9.0 -1.29 1.01
v 9.0 -1.49 1.01
v 9.0 -1.49 1.0
v 9.0 -0.49 1.0
v 9.0 -0.69 1.01
v 9.0 -0.49 1.01
v 8.55 -0.49 1.01
v 8.55 -0.49 1.0
v 8.55 -1.49 1.01
v 8.55 -1.49 1.0
v 8.960842 -0.692567 1.01
v 8.702567 -0.950842 1.01
v 8.710222 -0.912354 1.01
v 8.722836 -0.875195 1.01
v 8.740192 -0.84 1.01
v 8.849999 -1.249808 1.01
v 8.817372 -1.228006 1.01
v 8.787868 -1.202132 1.01
v 8.761993 -1.172629 1.01
v 8.740192 -1.14 1.01
v 8.7 -0.99 1.01
v 8.702567 -1.029158 1.01
v 8.761993 -0.807372 1.01
v 8.787868 -0.777868 1.01
v 8.817372 -0.751994 1.01
v 8.960842 -1.287433 1.01
v 8.922355 -1.279778 1.01
v 8.885195 -1.267164 1.01
v 8.722836 -1.104805 1.01
v 8.710222 -1.067646 1.01
v 8.849999 -0.730192 1.01
v 8.885195 -0.712836 1.01
v 8.922355 -0.700222 1.01
v 8.960842 -1.287433 1.0
v 8.761993 -0.807372 1.0
v 8.740192 -0.84 1.0
v 8.722836 -0.875195 1.0
v 8.710222 -0.912354 1.0
v 8.849999 -0.730192 1.0
v 8.817372 -0.751994 1.0
v 8.787868 -0.777868 1.0
v 8.702567 -0.950842 1.0
v 8.7 -0.99 1.0
v 8.702567 -1.029158 1.0
v 8.710222 -1.067646 1.0
v 8.722836 -1.104805 1.0
v 8.740192 -1.14 1.0
v 8.761993 -1.172629 1.0
v 8.787868 -1.202132 1.0
v 8.817372 -1.228006 1.0
v 8.849999 -1.249808 1.0
v 8.885195 -1.267164 1.0
v 8.922355 -1.279778 1.0
v 8.960842 -0.692567 1.0
v 8.922355 -0.700222 1.0
v 8.885195 -0.712836 1.0
v 9.0 -0.02 1.01
v 9.0 -0.22 1.01
v 9.0 -0.22 1.0
v 9.0 0.78 1.0
v 9.0 0.58 1.01
v 9.0 0.78 1.01
v 8.55 0.78 1.01
v 8.55 0.78 1.0
v 8.55 -0.22 1.01
v 8.55 -0.22 1.0
v 8.960842 0.577433 1.01
v 8.849999 0.020192 1.01
v 8.817372 0.041994 1.01
v 8.787868 0.067868 1.01
v 8.761993 0.097372 1.01
v 8.740192 0.13 1.01
v 8.722836 0.165195 1.01
v 8.710222 0.202354 1.01
v 8.702567 0.319158 1.01
v 8.7 0.28 1.01
v 8.702567 0.240842 1.01
v 8.710222 0.357646 1.01
v 8.722836 0.394805 1.01
v 8.740192 0.43 1.01
v 8.960842 -0.017433 1.01
v 8.922355 -0.009778 1.01
v 8.885195 0.002836 1.01
v 8.761993 0.462628 1.01
v 8.787868 0.492132 1.01
v 8.817372 0.518006 1.01
v 8.849999 0.539808 1.01
v 8.885195 0.557164 1.01
v 8.922355 0.569778 1.01
v 8.960842 -0.017433 1.0
v 8.849999 0.539808 1.0
v 8.817372 0.518006 1.0
v 8.787868 0.492132 1.0
v 8.761993 0.462628 1.0
v 8.740192 0.43 1.0
v 8.722836 0.394805 1.0
v 8.710222 0.357646 1.0
v 8.702567 0.319158 1.0
v 8.7 0.28 1.0
v 8.702567 0.240842 1.0
v 8.710222 0.202354 1.0
v 8.722836 0.165195 1.0
v 8.740192 0.13 1.0
v 8.761993 0.097372 1.0
v 8.787868 0.067868 1.0
v 8.817372 0.041994 1.0
v 8.960842 0.577433 1.0
v 8.922355 0.569778 1.0
v 8.885195 0.557164 1.0
v 8.849999 0.020192 1.0
v 8.885195 0.002836 1.0
v 8.922355 -0.009778 1.0
v 9.0 1.25 1.01
v 9.0 1.05 1.01
v 9.0 1.05 1.0
v 9.0 2.05 1.0
v 9.0 1.85 1.01
v 9.0 2.05 1.01
v 8.55 2.05 1.01
v 8.55 2.05 1.0
v 8.55 1.05 1.01
v 8.55 1.05 1.0
v 8.960842 1.847434 1.01
v 8.702567 1.589158 1.01
v 8.710222 1.627646 1.01
v 8.722836 1.664805 1.01
v 8.849999 1.290192 1.01
v 8.817372 1.311994 1.01
v 8.787868 1.337868 1.01
v 8.761993 1.367372 1.01
v 8.740192 1.4 1.01
v 8.7 1.55 1.01
v 8.702567 1.510842 1.01
v 8.740192 1.7 1.01
v 8.761993 1.732628 1.01
v 8.787868 1.762132 1.01
v 8.885195 1.827164 1.01
v 8.922355 1.839778 1.01
v 8.960842 1.252567 1.01
v 8.922355 1.260222 1.01
v 8.885195 1.272836 1.01
v 8.722836 1.435195 1.01
v 8.710222 1.472354 1.01
v 8.817372 1.788006 1.01
v 8.849999 1.809808 1.01
v 8.960842 1.252567 1.0
v 8.761993 1.732628 1.0
v 8.740192 1.7 1.0
v 8.722836 1.664805 1.0
v 8.710222 1.627646 1.0
v 8.702567 1.589158 1.0
v 8.7 1.55 1.0
v 8.702567 1.510842 1.0
v 8.710222 1.472354 1.0
v 8.722836 1.435195 1.0
v 8.740192 1.4 1.0
v 8.761993 1.367372 1.0
v 8.787868 1.337868 1.0
v 8.817372 1.311994 1.0
v 8.960842 1.847434 1.0
v 8.922355 1.839778 1.0
v 8.885195 1.827164 1.0
v 8.849999 1.809808 1.0
v 8.849999 1.290192 1.0
v 8.885195 1.272836 1.0
v 8.922355 1.260222 1.0
v 8.817372 1.788006 1.0
v 8.787868 1.762132 1.0
v 9.0 2.52 1.01
v 9.0 2.32 1.01
v 9.0 2.32 1.0
v 9.0 3.32 1.0
v 9.0 3.12 1.01
v 9.0 3.32 1.01
v 8.55 3.32 1.01
v 8.55 3.32 1.0
v 8.55 2.32 1.01
v 8.55 2.32 1.0
v 8.960842 3.117434 1.01
v 8.849999 2.560193 1.01
v 8.817372 2.581994 1.01
v 8.710222 2.742354 1.01
v 8.722836 2.705195 1.01
v 8.740192 2.67 1.01
v 8.960842 2.522567 1.01
v 8.922355 2.530222 1.01
v 8.885195 2.542836 1.01
v 8.787868 2.607868 1.01
v 8.761993 2.637372 1.01
v 8.702567 2.859158 1.01
v 8.7 2.82 1.01
v 8.702567 2.780842 1.01
v 8.710222 2.897646 1.01
v 8.722836 2.934805 1.01
v 8.740192 2.97 1.01
v 8.761993 3.002629 1.01
v 8.787868 3.032132 1.01
v 8.817372 3.058006 1.01
v 8.849999 3.079808 1.01
v 8.885195 3.097164 1.01
v 8.922355 3.109778 1.01
v 8.960842 2.522567 1.0
v 8.761993 3.002629 1.0
v 8.740192 2.97 1.0
v 8.722836 2.934805 1.0
v 8.710222 2.897646 1.0
v 8.849999 3.079808 1.0
v 8.817372 3.058006 1.0
v 8.787868 3.032132 1.0
v 8.702567 2.859158 1.0
v 8.7 2.82 1.0
v 8.702567 2.780842 1.0
v 8.710222 2.742354 1.0
v 8.722836 2.705195 1.0
v 8.740192 2.67 1.0
v 8.960842 3.117434 1.0
v 8.922355 3.109778 1.0
v 8.885195 3.097164 1.0
v 8.761993 2.637372 1.0
v 8.787868 2.607868 1.0
v 8.817372 2.581994 1.0
v 8.849999 2.560193 1.0
v 8.885195 2.542836 1.0
v 8.922355 2.530222 1.0
v 9.0 3.79 1.01
v 9.0 3.59 1.01
v 9.0 3.59 1.0
v 9.0 4.59 1.0
v 9.0 4.39 1.01
v 9.0 4.59 1.01
v 8.55 4.59 1.01
v 8.55 4.59 1.0
v 8.55 3.59 1.01
v 8.55 3.59 1.0
v 8.960842 4.387434 1.01
v 8.740192 4.24 1.01
v 8.722836 4.204805 1.01
v 8.710222 4.167646 1.01
v 8.849999 3.830192 1.01
v 8.817372 3.851994 1.01
v 8.787868 3.877868 1.01
v 8.761993 3.907372 1.01
v 8.761993 4.272629 1.01
v 8.787868 4.302132 1.01
v 8.817372 4.328006 1.01
v 8.960842 3.792567 1.01
v 8.922355 3.800222 1.01
v 8.885195 3.812836 1.01
v 8.740192 3.94 1.01
v 8.722836 3.975195 1.01
v 8.710222 4.012354 1.01
v 8.702567 4.050842 1.01
v 8.7 4.09 1.01
v 8.702567 4.129158 1.01
v 8.849999 4.349808 1.01
v 8.885195 4.367164 1.01
v 8.922355 4.379778 1.01
v 8.960842 3.792567 1.0
v 8.710222 4.012354 1.0
v 8.722836 3.975195 1.0
v 8.761993 4.272629 1.0
v 8.740192 4.24 1.0
v 8.722836 4.204805 1.0
v 8.710222 4.167646 1.0
v 8.787868 3.877868 1.0
v 8.817372 3.851994 1.0
v 8.849999 4.349808 1.0
v 8.817372 4.328006 1.0
v 8.787868 4.302132 1.0
v 8.702567 4.129158 1.0
v 8.7 4.09 1.0
v 8.702567 4.050842 1.0
v 8.740192 3.94 1.0
v 8.761993 3.907372 1.0
v 8.849999 3.830192 1.0
v 8.885195 3.812836 1.0
v 8.922355 3.800222 1.0
v 8.960842 4.387434 1.0
v 8.922355 4.379778 1.0
v 8.885195 4.367164 1.0
v 9.0 5.06 1.01
v 9.0 4.86 1.01
v 9.0 4.86 1.0
v 9.0 5.86 1.0
v 9.0 5.66 1.01
v 9.0 5.86 1.01
v 8.55 5.86 1.01
v 8.55 5.86 1.0
v 8.55 4.86 1.01
v 8.55 4.86 1.0
v 8.960842 5.657434 1.01
v 8.740192 5.51 1.01
v 8.722836 5.474805 1.01
v 8.710222 5.437645 1.01
v 8.849999 5.100193 1.01
v 8.817372 5.121994 1.01
v 8.787868 5.147868 1.01
v 8.761993 5.177372 1.01
v 8.740192 5.21 1.01
v 8.722836 5.245195 1.01
v 8.710222 5.282354 1.01
v 8.761993 5.542628 1.01
v 8.787868 5.572132 1.01
v 8.817372 5.598006 1.01
v 8.960842 5.062567 1.01
v 8.922355 5.070222 1.01
v 8.885195 5.082836 1.01
v 8.702567 5.320842 1.01
v 8.7 5.36 1.01
v 8.702567 5.399158 1.01
v 8.849999 5.619808 1.01
v 8.885195 5.637164 1.01
v 8.922355 5.649777 1.01
v 8.960842 5.062567 1.0
v 8.761993 5.542628 1.0
v 8.740192 5.51 1.0
v 8.722836 5.474805 1.0
v 8.710222 5.437645 1.0
v 8.710222 5.282354 1.0
v 8.722836 5.245195 1.0
v 8.740192 5.21 1.0
v 8.761993 5.177372 1.0
v 8.787868 5.147868 1.0
v 8.817372 5.121994 1.0
v 8.849999 5.619808 1.0
v 8.817372 5.598006 1.0
v 8.787868 5.572132 1.0
v 8.849999 5.100193 1.0
v 8.885195 5.082836 1.0
v 8.922355 5.070222 1.0
v 8.960842 5.657434 1.0
v 8.922355 5.649777 1.0
v 8.885195 5.637164 1.0
v 8.702567 5.399158 1.0
v 8.7 5.36 1.0
v 8.702567 5.320842 1.0
v -4.74 -12.65 1.01
v -4.94 -12.65 1.01
v -4.94 -12.65 1.0
v -3.94 -12.65 1.0
v -4.14 -12.65 1.01
v -3.94 -12.65 1.01
v -3.94 -12.2 1.01
v -3.94 -12.2 1.0
v -4.94 -12.2 1.01
v -4.94 -12.2 1.0
v -4.142567 -12.610843 1.01
v -4.29 -12.390193 1.01
v -4.325195 -12.372836 1.01
v -4.362354 -12.360223 1.01
v -4.699808 -12.5 1.01
v -4.678006 -12.467371 1.01
v -4.652132 -12.437868 1.01
v -4.622628 -12.411994 1.01
v -4.59 -12.390193 1.01
v -4.554805 -12.372836 1.01
v -4.517645 -12.360223 1.01
v -4.257371 -12.411994 1.01
v -4.227868 -12.437868 1.01
v -4.201994 -12.467371 1.01
v -4.737433 -12.610843 1.01
v -4.729777 -12.572354 1.01
v -4.717164 -12.535194 1.01
v -4.479158 -12.352566 1.01
v -4.44 -12.35 1.01
v -4.400842 -12.352566 1.01
v -4.180192 -12.5 1.01
v -4.162837 -12.535194 1.01
v -4.150222 -12.572354 1.01
v -4.737433 -12.610843 1.0
v -4.554805 -12.372836 1.0
v -4.257371 -12.411994 1.0
v -4.325195 -12.372836 1.0
v -4.678006 -12.467371 1.0
v -4.622628 -12.411994 1.0
v -4.201994 -12.467371 1.0
v -4.142567 -12.610843 1.0
v -4.162837 -12.535194 1.0
v -4.400842 -12.352566 1.0
v -4.479158 -12.352566 1.0
v -4.717164 -12.535194 1.0
v -3.47 -12.65 1.01
v -3.67 -12.65 1.01
v -3.67 -12.65 1.0
v -2.67 -12.65 1.0
v -2.87 -12.65 1.01
v -2.67 -12.65 1.01
v -2.67 -12.2 1.01
v -2.67 -12.2 1.0
v -3.67 -12.2 1.01
v -3.67 -12.2 1.0
v -2.872566 -12.610843 1.01
v -3.352628 -12.411994 1.01
v -3.32 -12.390193 1.01
v -3.284805 -12.372836 1.01
v -3.247646 -12.360223 1.01
v -3.429808 -12.5 1.01
v -3.408006 -12.467371 1.01
v -3.382132 -12.437868 1.01
v -3.130842 -12.352566 1.01
v -3.17 -12.35 1.01
v -3.209158 -12.352566 1.01
v -3.092354 -12.360223 1.01
v -3.055195 -12.372836 1.01
v -3.02 -12.390193 1.01
v -3.467433 -12.610843 1.01
v -3.459778 -12.572354 1.01
v -3.447164 -12.535194 1.01
v -2.987371 -12.411994 1.01
v -2.957868 -12.437868 1.01
v -2.931994 -12.467371 1.01
v -2.910192 -12.5 1.01
v -2.892836 -12.535194 1.01
v -2.880222 -12.572354 1.01
v -3.467433 -12.610843 1.0
v -2.987371 -12.411994 1.0
v -3.055195 -12.372836 1.0
v -2.931994 -12.467371 1.0
v -3.209158 -12.352566 1.0
v -3.130842 -12.352566 1.0
v -3.284805 -12.372836 1.0
v -2.872566 -12.610843 1.0
v -2.892836 -12.535194 1.0
v -3.352628 -12.411994 1.0
v -3.408006 -12.467371 1.0
v -3.447164 -12.535194 1.0
v -2.2 -12.65 1.01
v -2.4 -12.65 1.01
v -2.4 -12.65 1.0
v -1.4 -12.65 1.0
v -1.6 -12.65 1.01
v -1.4 -12.65 1.01
v -1.4 -12.2 1.01
v -1.4 -12.2 1.0
v -2.4 -12.2 1.01
v -2.4 -12.2 1.0
v -1.602567 -12.610843 1.01
v -2.082628 -12.411994 1.01
v -2.05 -12.390193 1.01
v -2.014805 -12.372836 1.01
v -1.977646 -12.360223 1.01
v -2.159808 -12.5 1.01
v -2.138006 -12.467371 1.01
v -2.112132 -12.437868 1.01
v -1.939158 -12.352566 1.01
v -1.9 -12.35 1.01
v -1.860842 -12.352566 1.01
v -1.822354 -12.360223 1.01
v -1.785195 -12.372836 1.01
v -2.197433 -12.610843 1.01
v -2.189778 -12.572354 1.01
v -2.177164 -12.535194 1.01
v -1.75 -12.390193 1.01
v -1.717371 -12.411994 1.01
v -1.687868 -12.437868 1.01
v -1.622836 -12.535194 1.01
v -1.610222 -12.572354 1.01
v -1.661994 -12.467371 1.01
v -1.640192 -12.5 1.01
v -2.197433 -12.610843 1.0
v -1.717371 -12.411994 1.0
v -1.785195 -12.372836 1.0
v -1.939158 -12.352566 1.0
v -1.860842 -12.352566 1.0
v -2.014805 -12.372836 1.0
v -1.602567 -12.610843 1.0
v -1.622836 -12.535194 1.0
v -2.082628 -12.411994 1.0
v -2.138006 -12.467371 1.0
v -1.661994 -12.467371 1.0
v -2.177164 -12.535194 1.0
v -0.93 -12.65 1.01
v -1.13 -12.65 1.01
v -1.13 -12.65 1.0
v -0.13 -12.65 1.0
v -0.33 -12.65 1.01
v -0.13 -12.65 1.01
v -0.13 -12.2 1.01
v -0.13 -12.2 1.0
v -1.13 -12.2 1.01
v -1.13 -12.2 1.0
v -0.332567 -12.610843 1.01
v -0.744805 -12.372836 1.01
v -0.707646 -12.360223 1.01
v -0.842132 -12.437868 1.01
v -0.868006 -12.467371 1.01
v -0.889808 -12.5 1.01
v -0.812628 -12.411994 1.01
v -0.78 -12.390193 1.01
v -0.590842 -12.352566 1.01
v -0.63 -12.35 1.01
v -0.669158 -12.352566 1.01
v -0.552354 -12.360223 1.01
v -0.515195 -12.372836 1.01
v -0.48 -12.390193 1.01
v -0.447372 -12.411994 1.01
v -0.417868 -12.437868 1.01
v -0.391994 -12.467371 1.01
v -0.927433 -12.610843 1.01
v -0.919778 -12.572354 1.01
v -0.907164 -12.535194 1.01
v -0.370192 -12.5 1.01
v -0.352836 -12.535194 1.01
v -0.340222 -12.572354 1.01
v -0.927433 -12.610843 1.0
v -0.669158 -12.352566 1.0
v -0.744805 -12.372836 1.0
v -0.391994 -12.467371 1.0
v -0.447372 -12.411994 1.0
v -0.590842 -12.352566 1.0
v -0.812628 -12.411994 1.0
v -0.868006 -12.467371 1.0
v -0.515195 -12.372836 1.0
v -0.332567 -12.610843 1.0
v -0.352836 -12.535194 1.0
v -0.907164 -12.535194 1.0
v 0.34 -12.65 1.01
v 0.14 -12.65 1.01
v 0.14 -12.65 1.0
v 1.14 -12.65 1.0
v 0.94 -12.65 1.01
v 1.14 -12.65 1.01
v 1.14 -12.2 1.01
v 1.14 -12.2 1.0
v 0.14 -12.2 1.01
v 0.14 -12.2 1.0
v 0.937433 -12.610843 1.01
v 0.525195 -12.372836 1.01
v 0.562354 -12.360223 1.01
v 0.427868 -12.437868 1.01
v 0.401994 -12.467371 1.01
v 0.380192 -12.5 1.01
v 0.457372 -12.411994 1.01
v 0.49 -12.390193 1.01
v 0.679158 -12.352566 1.01
v 0.64 -12.35 1.01
v 0.600842 -12.352566 1.01
v 0.717646 -12.360223 1.01
v 0.754805 -12.372836 1.01
v 0.79 -12.390193 1.01
v 0.822628 -12.411994 1.01
v 0.852132 -12.437868 1.01
v 0.878006 -12.467371 1.01
v 0.342567 -12.610843 1.01
v 0.350222 -12.572354 1.01
v 0.362836 -12.535194 1.01
v 0.899808 -12.5 1.01
v 0.917164 -12.535194 1.01
v 0.929778 -12.572354 1.01
v 0.342567 -12.610843 1.0
v 0.600842 -12.352566 1.0
v 0.525195 -12.372836 1.0
v 0.878006 -12.467371 1.0
v 0.822628 -12.411994 1.0
v 0.679158 -12.352566 1.0
v 0.457372 -12.411994 1.0
v 0.401994 -12.467371 1.0
v 0.754805 -12.372836 1.0
v 0.362836 -12.535194 1.0
v 0.937433 -12.610843 1.0
v 0.917164 -12.535194 1.0
v 1.61 -12.65 1.01
v 1.41 -12.65 1.01
v 1.41 -12.65 1.0
v 2.41 -12.65 1.0
v 2.21 -12.65 1.01
v 2.41 -12.65 1.01
v 2.41 -12.2 1.01
v 2.41 -12.2 1.0
v 1.41 -12.2 1.01
v 1.41 -12.2 1.0
v 2.207433 -12.610843 1.01
v 2.06 -12.390193 1.01
v 2.024805 -12.372836 1.01
v 1.987646 -12.360223 1.01
v 1.727372 -12.411994 1.01
v 1.76 -12.390193 1.01
v 1.795195 -12.372836 1.01
v 1.832354 -12.360223 1.01
v 1.870842 -12.352566 1.01
v 1.91 -12.35 1.01
v 1.949158 -12.352566 1.01
v 2.092628 -12.411994 1.01
v 2.122132 -12.437868 1.01
v 2.148006 -12.467371 1.01
v 1.650192 -12.5 1.01
v 1.671994 -12.467371 1.01
v 1.697868 -12.437868 1.01
v 2.169808 -12.5 1.01
v 2.187164 -12.535194 1.01
v 2.199778 -12.572354 1.01
v 1.612566 -12.610843 1.01
v 1.620222 -12.572354 1.01
v 1.632836 -12.535194 1.01
v 1.612566 -12.610843 1.0
v 2.092628 -12.411994 1.0
v 2.024805 -12.372836 1.0
v 2.148006 -12.467371 1.0
v 1.870842 -12.352566 1.0
v 1.949158 -12.352566 1.0
v 1.795195 -12.372836 1.0
v 2.207433 -12.610843 1.0
v 2.187164 -12.535194 1.0
v 1.727372 -12.411994 1.0
v 1.671994 -12.467371 1.0
v 1.632836 -12.535194 1.0
v 2.88 -12.65 1.01
v 2.68 -12.65 1.01
v 2.68 -12.65 1.0
v 3.68 -12.65 1.0
v 3.48 -12.65 1.01
v 3.68 -12.65 1.01
v 3.68 -12.2 1.01
v 3.68 -12.2 1.0
v 2.68 -12.2 1.01
v 2.68 -12.2 1.0
v 3.477433 -12.610843 1.01
v 2.997372 -12.411994 1.01
v 3.03 -12.390193 1.01
v 3.065195 -12.372836 1.01
v 3.102354 -12.360223 1.01
v 2.920192 -12.5 1.01
v 2.941994 -12.467371 1.01
v 2.967868 -12.437868 1.01
v 3.219158 -12.352566 1.01
v 3.18 -12.35 1.01
v 3.140842 -12.352566 1.01
v 3.257646 -12.360223 1.01
v 3.294805 -12.372836 1.01
v 3.33 -12.390193 1.01
v 2.882566 -12.610843 1.01
v 2.890222 -12.572354 1.01
v 2.902836 -12.535194 1.01
v 3.362628 -12.411994 1.01
v 3.392132 -12.437868 1.01
v 3.418006 -12.467371 1.01
v 3.439808 -12.5 1.01
v 3.457164 -12.535194 1.01
v 3.469778 -12.572354 1.01
v 2.882566 -12.610843 1.0
v 3.362628 -12.411994 1.0
v 3.294805 -12.372836 1.0
v 3.418006 -12.467371 1.0
v 3.140842 -12.352566 1.0
v 3.219158 -12.352566 1.0
v 3.065195 -12.372836 1.0
v 3.477433 -12.610843 1.0
v 3.457164 -12.535194 1.0
v 2.997372 -12.411994 1.0
v 2.941994 -12.467371 1.0
v 2.902836 -12.535194 1.0
v 4.15 -12.65 1.01
v 3.95 -12.65 1.01
v 3.95 -12.65 1.0
v 4.95 -12.65 1.0
v 4.75 -12.65 1.01
v 4.95 -12.65 1.01
v 4.95 -12.2 1.01
v 4.95 -12.2 1.0
v 3.95 -12.2 1.01
v 3.95 -12.2 1.0
v 4.747434 -12.610843 1.01
v 4.6 -12.390193 1.01
v 4.564805 -12.372836 1.01
v 4.527646 -12.360223 1.01
v 4.190193 -12.5 1.01
v 4.211994 -12.467371 1.01
v 4.237868 -12.437868 1.01
v 4.267372 -12.411994 1.01
v 4.3 -12.390193 1.01
v 4.335195 -12.372836 1.01
v 4.372354 -12.360223 1.01
v 4.632628 -12.411994 1.01
v 4.662132 -12.437868 1.01
v 4.688006 -12.467371 1.01
v 4.152566 -12.610843 1.01
v 4.160222 -12.572354 1.01
v 4.172836 -12.535194 1.01
v 4.410842 -12.352566 1.01
v 4.45 -12.35 1.01
v 4.489158 -12.352566 1.01
v 4.709808 -12.5 1.01
v 4.727164 -12.535194 1.01
v 4.739778 -12.572354 1.01
v 4.152566 -12.610843 1.0
v 4.632628 -12.411994 1.0
v 4.564805 -12.372836 1.0
v 4.335195 -12.372836 1.0
v 4.267372 -12.411994 1.0
v 4.211994 -12.467371 1.0
v 4.688006 -12.467371 1.0
v 4.172836 -12.535194 1.0
v 4.747434 -12.610843 1.0
v 4.727164 -12.535194 1.0
v 4.489158 -12.352566 1.0
v 4.410842 -12.352566 1.0
v 5.42 -12.65 1.01
v 5.22 -12.65 1.01
v 5.22 -12.65 1.0
v 6.22 -12.65 1.0
v 6.02 -12.65 1.01
v 6.22 -12.65 1.01
v 6.22 -12.2 1.01
v 6.22 -12.2 1.0
v 5.22 -12.2 1.01
v 5.22 -12.2 1.0
v 6.017434 -12.610843 1.01
v 5.87 -12.390193 1.01
v 5.834805 -12.372836 1.01
v 5.797646 -12.360223 1.01
v 5.460193 -12.5 1.01
v 5.481994 -12.467371 1.01
v 5.507868 -12.437868 1.01
v 5.537372 -12.411994 1.01
v 5.57 -12.390193 1.01
v 5.605195 -12.372836 1.01
v 5.642354 -12.360223 1.01
v 5.902628 -12.411994 1.01
v 5.932132 -12.437868 1.01
v 5.958006 -12.467371 1.01
v 5.422566 -12.610843 1.01
v 5.430222 -12.572354 1.01
v 5.442836 -12.535194 1.01
v 5.680842 -12.352566 1.01
v 5.72 -12.35 1.01
v 5.759158 -12.352566 1.01
v 5.979807 -12.5 1.01
v 5.997164 -12.535194 1.01
v 6.009778 -12.572354 1.01
v 5.422566 -12.610843 1.0
v 5.902628 -12.411994 1.0
v 5.834805 -12.372836 1.0
v 5.605195 -12.372836 1.0
v 5.537372 -12.411994 1.0
v 5.481994 -12.467371 1.0
v 5.958006 -12.467371 1.0
v 5.442836 -12.535194 1.0
v 6.017434 -12.610843 1.0
v 5.997164 -12.535194 1.0
v 5.759158 -12.352566 1.0
v 5.680842 -12.352566 1.0
usemtl 1
f 1// 2// 3//
f 4// 5// 6//
f 7// 8// 9//
f 10// 11// 12//
f 13// 14// 15//
f 15// 14// 16//
f 17// 18// 19//
f 20// 21// 22//
f 21// 23// 22//
f 22// 23// 24//
f 22// 24// 25//
f 15// 22// 13//
f 13// 22// 25//
f 13// 25// 18//
f 18// 25// 26//
f 18// 26// 19//
f 27// 28// 29//
f 29// 28// 30//
f 31// 32// 33//
f 33// 32// 34//
f 33// 34// 30//
f 35// 36// 37//
f 38// 39// 40//
f 37// 36// 41//
f 41// 36// 42//
f 41// 42// 43//
f 44// 45// 40//
f 40// 45// 46//
f 40// 46// 38//
f 47// 48// 49//
f 49// 48// 1//
f 49// 1// 50//
f 30// 34// 29//
f 29// 34// 51//
f 29// 51// 52//
f 40// 43// 44//
f 44// 43// 42//
f 44// 42// 53//
f 53// 42// 54//
f 55// 56// 57//
f 58// 59// 60//
f 39// 61// 40//
f 40// 61// 58//
f 40// 58// 57//
f 62// 63// 64//
f 60// 65// 58//
f 58// 65// 66//
f 58// 66// 57//
f 57// 66// 67//
f 57// 67// 55//
f 49// 35// 47//
f 47// 35// 37//
f 47// 37// 68//
f 68// 37// 69//
f 68// 69// 70//
f 70// 69// 71//
f 56// 72// 57//
f 57// 72// 73//
f 57// 73// 69//
f 69// 73// 74//
f 69// 74// 75//
f 64// 76// 62//
f 62// 76// 77//
f 62// 77// 78//
f 79// 80// 81//
f 71// 69// 82//
f 82// 69// 75//
f 82// 75// 83//
f 84// 85// 86//
f 86// 85// 87//
f 86// 87// 88//
f 89// 90// 91//
f 92// 93// 94//
f 94// 93// 83//
f 94// 83// 95//
f 95// 83// 75//
f 78// 96// 88//
f 88// 96// 97//
f 88// 97// 86//
f 98// 99// 100//
f 100// 99// 101//
f 100// 101// 86//
f 86// 101// 102//
f 86// 102// 84//
f 79// 62// 103//
f 103// 62// 104//
f 89// 91// 105//
f 61// 106// 58//
f 58// 106// 91//
f 58// 91// 107//
f 107// 91// 90//
f 108// 109// 103//
f 103// 109// 110//
f 111// 112// 113//
f 79// 81// 91//
f 91// 81// 114//
f 91// 114// 105//
f 78// 88// 62//
f 62// 88// 115//
f 62// 115// 104//
f 104// 115// 116//
f 104// 116// 117//
f 117// 118// 104//
f 104// 118// 119//
f 104// 119// 120//
f 120// 119// 121//
f 122// 123// 124//
f 108// 103// 113//
f 113// 103// 125//
f 113// 125// 111//
f 126// 127// 79//
f 79// 127// 128//
f 79// 128// 129//
f 130// 131// 132//
f 124// 133// 122//
f 122// 133// 134//
f 122// 134// 119//
f 119// 134// 135//
f 119// 135// 121//
f 136// 137// 138//
f 138// 137// 113//
f 138// 113// 139//
f 139// 113// 112//
f 110// 140// 103//
f 103// 140// 141//
f 103// 141// 79//
f 79// 141// 142//
f 79// 142// 126//
f 143// 144// 145//
f 145// 144// 146//
f 145// 146// 79//
f 79// 146// 147//
f 79// 147// 80//
f 148// 149// 150//
f 150// 149// 129//
f 143// 145// 132//
f 132// 145// 151//
f 132// 151// 130//
f 152// 153// 154//
f 154// 153// 132//
f 154// 132// 155//
f 155// 132// 131//
f 149// 156// 129//
f 129// 156// 157//
f 129// 157// 79//
f 79// 157// 158//
f 79// 158// 145//
f 159// 160// 150//
f 150// 160// 161//
f 150// 161// 148//
f 162// 163// 164//
f 10// 12// 165//
f 166// 167// 168//
f 168// 167// 169//
f 168// 169// 170//
f 171// 172// 173//
f 174// 175// 176//
f 168// 177// 178//
f 179// 180// 181//
f 182// 183// 184//
f 168// 181// 185//
f 185// 181// 186//
f 185// 186// 187//
f 188// 189// 190//
f 191// 192// 193//
f 193// 192// 171//
f 193// 171// 194//
f 194// 171// 173//
f 162// 164// 195//
f 195// 164// 196//
f 195// 196// 197//
f 198// 199// 168//
f 168// 199// 200//
f 168// 200// 166//
f 201// 202// 203//
f 168// 178// 181//
f 181// 178// 204//
f 181// 204// 179//
f 163// 162// 205//
f 205// 162// 206//
f 205// 206// 207//
f 208// 209// 171//
f 171// 209// 210//
f 171// 210// 172//
f 211// 212// 192//
f 198// 213// 199//
f 199// 213// 201//
f 199// 201// 214//
f 214// 201// 203//
f 215// 168// 176//
f 176// 168// 170//
f 176// 170// 174//
f 184// 216// 182//
f 182// 216// 217//
f 182// 217// 218//
f 180// 219// 181//
f 181// 219// 182//
f 181// 182// 220//
f 220// 182// 218//
f 190// 221// 188//
f 188// 221// 222//
f 188// 222// 223//
f 197// 165// 195//
f 195// 165// 12//
f 195// 12// 208//
f 208// 12// 224//
f 208// 224// 209//
f 225// 226// 227//
f 228// 229// 230//
f 230// 229// 231//
f 230// 231// 232//
f 223// 233// 188//
f 188// 233// 205//
f 188// 205// 234//
f 234// 205// 207//
f 234// 207// 235//
f 235// 207// 185//
f 235// 185// 236//
f 236// 185// 187//
f 211// 192// 237//
f 225// 227// 238//
f 238// 227// 239//
f 238// 239// 240//
f 215// 229// 168//
f 168// 229// 228//
f 168// 228// 177//
f 177// 228// 238//
f 177// 238// 241//
f 241// 238// 240//
f 242// 237// 243//
f 243// 237// 192//
f 243// 192// 244//
f 244// 192// 191//
f 244// 191// 245//
f 245// 191// 246//
f 245// 246// 247//
f 248// 249// 250//
f 251// 252// 253//
f 212// 254// 192//
f 192// 254// 255//
f 192// 255// 256//
f 250// 257// 248//
f 248// 257// 258//
f 248// 258// 259//
f 259// 258// 260//
f 259// 260// 175//
f 175// 260// 261//
f 175// 261// 176//
f 262// 263// 264//
f 264// 263// 227//
f 264// 227// 265//
f 265// 227// 226//
f 253// 266// 251//
f 251// 266// 267//
f 251// 267// 268//
f 268// 267// 269//
f 268// 269// 247//
f 247// 269// 270//
f 247// 270// 245//
f 271// 272// 273//
f 274// 275// 276//
f 242// 277// 237//
f 237// 277// 278//
f 237// 278// 279//
f 279// 278// 280//
f 273// 281// 271//
f 271// 281// 282//
f 271// 282// 256//
f 256// 282// 283//
f 256// 283// 192//
f 192// 283// 284//
f 276// 285// 274//
f 274// 285// 286//
f 274// 286// 287//
f 287// 286// 288//
f 287// 288// 232//
f 232// 288// 289//
f 232// 289// 230//
f 290// 291// 292//
f 292// 291// 293//
f 292// 293// 278//
f 278// 293// 294//
f 278// 294// 280//
f 295// 296// 297//
f 298// 168// 299//
f 300// 301// 299//
f 299// 301// 295//
f 295// 297// 299//
f 299// 297// 302//
f 299// 302// 298//
f 303// 304// 168//
f 305// 306// 307//
f 308// 309// 310//
f 310// 309// 298//
f 309// 311// 298//
f 298// 311// 312//
f 298// 312// 313//
f 314// 315// 168//
f 316// 168// 317//
f 317// 168// 318//
f 316// 319// 168//
f 168// 319// 320//
f 168// 320// 198//
f 307// 321// 305//
f 305// 321// 322//
f 305// 322// 323//
f 323// 322// 324//
f 323// 324// 296//
f 296// 324// 325//
f 296// 325// 297//
f 326// 327// 328//
f 328// 327// 309//
f 328// 309// 329//
f 329// 309// 308//
f 330// 331// 332//
f 332// 331// 333//
f 313// 334// 298//
f 298// 334// 335//
f 298// 335// 168//
f 168// 335// 333//
f 168// 333// 303//
f 303// 333// 331//
f 336// 337// 338//
f 338// 337// 339//
f 340// 341// 342//
f 343// 344// 345//
f 345// 344// 346//
f 347// 348// 349//
f 337// 314// 339//
f 339// 314// 168//
f 339// 168// 350//
f 350// 168// 304//
f 350// 304// 351//
f 351// 304// 352//
f 351// 352// 353//
f 354// 355// 356//
f 357// 358// 315//
f 359// 360// 361//
f 361// 360// 344//
f 361// 344// 362//
f 362// 344// 343//
f 344// 363// 346//
f 346// 363// 364//
f 346// 364// 168//
f 168// 364// 365//
f 168// 365// 318//
f 342// 366// 340//
f 340// 366// 367//
f 340// 367// 368//
f 336// 369// 337//
f 337// 369// 340//
f 337// 340// 370//
f 370// 340// 368//
f 358// 371// 315//
f 315// 371// 372//
f 315// 372// 168//
f 168// 372// 373//
f 168// 373// 346//
f 349// 374// 347//
f 347// 374// 375//
f 347// 375// 376//
f 330// 377// 331//
f 331// 377// 347//
f 331// 347// 378//
f 378// 347// 376//
f 356// 379// 354//
f 354// 379// 380//
f 354// 380// 381//
f 353// 382// 351//
f 351// 382// 354//
f 351// 354// 383//
f 383// 354// 381//
f 357// 315// 384//
f 384// 315// 385//
f 384// 385// 386//
f 387// 388// 389//
f 389// 388// 384//
f 389// 384// 390//
f 390// 384// 386//
f 391// 392// 393//
f 391// 393// 394//
f 392// 395// 393//
f 393// 395// 396//
f 393// 396// 299//
f 299// 396// 397//
f 299// 397// 300//
f 68// 398// 47//
f 47// 398// 399//
f 47// 399// 48//
f 48// 399// 400//
f 48// 400// 401//
f 401// 402// 48//
f 48// 402// 403//
f 48// 403// 404//
f 405// 406// 407//
f 407// 406// 408//
f 407// 408// 409//
f 410// 411// 412//
f 413// 414// 415//
f 415// 414// 416//
f 417// 418// 419//
f 419// 418// 405//
f 419// 405// 420//
f 420// 405// 407//
f 421// 422// 423//
f 424// 425// 426//
f 426// 425// 427//
f 411// 428// 412//
f 412// 428// 429//
f 412// 429// 430//
f 431// 432// 415//
f 415// 432// 433//
f 415// 433// 413//
f 434// 435// 436//
f 416// 437// 415//
f 415// 437// 438//
f 415// 438// 439//
f 440// 441// 442//
f 442// 441// 443//
f 443// 444// 442//
f 442// 444// 445//
f 442// 445// 446//
f 447// 448// 412//
f 412// 448// 449//
f 412// 449// 410//
f 421// 423// 450//
f 450// 423// 451//
f 450// 451// 452//
f 424// 426// 436//
f 436// 426// 453//
f 436// 453// 434//
f 454// 62// 455//
f 455// 62// 426//
f 455// 426// 438//
f 430// 456// 62//
f 62// 456// 457//
f 62// 457// 458//
f 427// 459// 426//
f 426// 459// 460//
f 426// 460// 438//
f 438// 460// 461//
f 438// 461// 439//
f 454// 462// 62//
f 62// 462// 463//
f 62// 463// 430//
f 430// 463// 464//
f 430// 464// 412//
f 465// 466// 62//
f 62// 466// 467//
f 458// 468// 62//
f 62// 468// 469//
f 62// 469// 465//
f 465// 469// 442//
f 465// 442// 470//
f 470// 442// 446//
f 471// 472// 473//
f 62// 474// 475//
f 473// 476// 471//
f 471// 476// 477//
f 471// 477// 478//
f 467// 479// 62//
f 62// 479// 471//
f 62// 471// 474//
f 474// 471// 478//
f 480// 481// 482//
f 482// 481// 472//
f 482// 472// 483//
f 483// 472// 471//
f 475// 484// 62//
f 62// 484// 485//
f 62// 485// 486//
f 487// 486// 488//
f 488// 486// 489//
f 487// 490// 486//
f 486// 490// 491//
f 486// 491// 62//
f 62// 491// 492//
f 62// 492// 493//
f 63// 62// 494//
f 494// 62// 493//
f 494// 493// 408//
f 408// 493// 495//
f 408// 495// 409//
f 496// 497// 498//
f 498// 497// 489//
f 498// 489// 499//
f 499// 489// 486//
f 500// 501// 502//
f 502// 501// 503//
f 502// 503// 504//
f 505// 423// 435//
f 435// 423// 422//
f 435// 422// 436//
f 500// 506// 501//
f 501// 506// 423//
f 501// 423// 507//
f 507// 423// 505//
f 508// 509// 510//
f 509// 508// 511//
f 511// 508// 512//
f 511// 512// 513//
f 503// 514// 504//
f 504// 514// 508//
f 504// 508// 515//
f 515// 508// 510//
f 5// 516// 6//
f 6// 516// 517//
f 6// 517// 512//
f 518// 519// 512//
f 512// 519// 520//
f 512// 520// 513//
f 521// 522// 523//
f 517// 524// 512//
f 512// 524// 525//
f 512// 525// 518//
f 518// 525// 526//
f 518// 526// 527//
f 527// 526// 521//
f 527// 521// 528//
f 528// 521// 523//
f 529// 530// 6//
f 531// 532// 6//
f 284// 533// 192//
f 192// 533// 534//
f 192// 534// 535//
f 531// 6// 536//
f 537// 538// 539//
f 540// 541// 542//
f 543// 544// 192//
f 192// 544// 545//
f 192// 545// 6//
f 546// 547// 548//
f 6// 530// 536//
f 536// 530// 549//
f 536// 549// 550//
f 551// 552// 553//
f 553// 552// 532//
f 551// 554// 552//
f 552// 554// 555//
f 552// 555// 556//
f 532// 552// 6//
f 6// 552// 557//
f 6// 557// 4//
f 558// 543// 559//
f 559// 543// 192//
f 559// 192// 560//
f 560// 192// 535//
f 561// 562// 540//
f 540// 562// 563//
f 540// 563// 541//
f 558// 564// 543//
f 543// 564// 540//
f 543// 540// 565//
f 565// 540// 542//
f 539// 566// 537//
f 537// 566// 567//
f 537// 567// 568//
f 550// 569// 536//
f 536// 569// 537//
f 536// 537// 570//
f 570// 537// 568//
f 571// 572// 555//
f 555// 572// 573//
f 555// 573// 556//
f 574// 575// 576//
f 547// 529// 548//
f 548// 529// 6//
f 548// 6// 577//
f 577// 6// 545//
f 577// 545// 578//
f 578// 545// 579//
f 578// 579// 580//
f 580// 581// 578//
f 578// 581// 582//
f 578// 582// 583//
f 546// 548// 576//
f 576// 548// 584//
f 576// 584// 574//
f 585// 586// 582//
f 582// 586// 587//
f 587// 588// 582//
f 582// 588// 589//
f 582// 589// 583//
f 590// 591// 592//
f 592// 591// 593//
f 592// 593// 575//
f 575// 593// 594//
f 575// 594// 576//
f 595// 596// 597//
f 595// 597// 598//
f 598// 597// 599//
f 598// 599// 600//
f 601// 17// 602//
f 602// 17// 19//
f 602// 19// 31//
f 31// 19// 603//
f 31// 603// 32//
f 32// 603// 604//
f 32// 604// 596//
f 596// 604// 605//
f 596// 605// 597//
f 606// 607// 608//
f 608// 607// 609//
f 606// 610// 607//
f 607// 610// 611//
f 607// 611// 612//
f 612// 613// 607//
f 607// 613// 614//
f 607// 614// 615//
f 615// 614// 616//
f 615// 616// 22//
f 22// 616// 617//
f 22// 617// 20//
f 618// 394// 619//
f 619// 394// 393//
f 619// 393// 609//
f 609// 393// 620//
f 609// 620// 608//
f 596// 621// 32//
f 32// 621// 53//
f 32// 53// 34//
f 34// 53// 54//
f 34// 54// 51//
f 601// 602// 16//
f 16// 602// 3//
f 16// 3// 15//
f 15// 3// 2//
f 15// 2// 622//
f 622// 2// 623//
f 622// 623// 624//
f 624// 623// 625//
f 624// 625// 626//
f 626// 625// 627//
f 626// 627// 48//
f 48// 627// 628//
f 48// 628// 1//
f 1// 628// 629//
f 1// 629// 2//
f 2// 629// 630//
f 2// 630// 623//
f 631// 624// 632//
f 632// 624// 626//
f 632// 626// 9//
f 9// 626// 48//
f 9// 48// 7//
f 7// 48// 404//
f 33// 633// 31//
f 31// 633// 634//
f 31// 634// 602//
f 602// 634// 27//
f 602// 27// 3//
f 3// 27// 29//
f 3// 29// 1//
f 1// 29// 52//
f 1// 52// 50//
usemtl 2
f 608// 620// 635//
f 635// 620// 393//
f 393// 299// 635//
f 635// 299// 168//
f 635// 168// 636//
f 636// 168// 185//
f 6// 637// 192//
f 192// 637// 638//
f 192// 638// 171//
f 6// 512// 637//
f 637// 512// 508//
f 637// 508// 514//
f 79// 639// 62//
f 62// 639// 640//
f 62// 640// 426//
f 641// 45// 642//
f 642// 45// 44//
f 44// 53// 642//
f 642// 53// 621//
f 642// 621// 596//
f 19// 26// 643//
f 644// 605// 604//
f 644// 604// 643//
f 643// 604// 603//
f 643// 603// 19//
f 614// 645// 616//
f 616// 645// 646//
f 616// 646// 617//
f 647// 648// 649//
f 650// 651// 652//
f 651// 650// 653//
f 653// 650// 654//
f 653// 654// 655//
f 652// 656// 650//
f 650// 656// 657//
f 650// 657// 649//
f 649// 657// 658//
f 649// 658// 647//
f 639// 79// 91//
f 639// 91// 659//
f 659// 91// 106//
f 659// 106// 660//
f 660// 106// 61//
f 660// 61// 661//
f 61// 39// 661//
f 661// 39// 38//
f 661// 38// 662//
f 662// 38// 46//
f 662// 46// 663//
f 663// 46// 45//
f 663// 45// 641//
f 640// 639// 664//
f 640// 664// 665//
f 665// 664// 666//
f 665// 666// 667//
f 667// 666// 668//
f 667// 668// 669//
f 669// 668// 670//
f 669// 670// 671//
f 671// 670// 672//
f 671// 672// 673//
f 673// 672// 655//
f 673// 655// 654//
f 505// 674// 507//
f 507// 674// 675//
f 507// 675// 501//
f 501// 675// 676//
f 501// 676// 503//
f 503// 676// 637//
f 503// 637// 514//
f 435// 677// 505//
f 505// 677// 678//
f 505// 678// 674//
f 435// 434// 677//
f 677// 434// 453//
f 677// 453// 679//
f 679// 453// 426//
f 679// 426// 640//
f 641// 680// 681//
f 682// 683// 684//
f 655// 672// 685//
f 684// 683// 655//
f 686// 655// 683//
f 686// 683// 687//
f 687// 683// 682//
f 687// 682// 688//
f 689// 655// 686//
f 690// 691// 692//
f 692// 691// 685//
f 692// 685// 693//
f 693// 685// 672//
f 693// 672// 670//
f 689// 686// 694//
f 694// 686// 687//
f 694// 687// 695//
f 695// 687// 688//
f 695// 688// 696//
f 697// 690// 698//
f 698// 690// 692//
f 698// 692// 699//
f 699// 692// 693//
f 699// 693// 700//
f 700// 693// 670//
f 700// 670// 668//
f 701// 697// 702//
f 702// 697// 698//
f 702// 698// 703//
f 703// 698// 699//
f 703// 699// 704//
f 704// 699// 700//
f 704// 700// 705//
f 705// 700// 668//
f 705// 668// 666//
f 680// 701// 681//
f 681// 701// 702//
f 681// 702// 706//
f 706// 702// 703//
f 706// 703// 707//
f 707// 703// 704//
f 707// 704// 708//
f 708// 704// 705//
f 708// 705// 709//
f 709// 705// 666//
f 709// 666// 664//
f 641// 681// 663//
f 663// 681// 706//
f 663// 706// 662//
f 662// 706// 707//
f 662// 707// 661//
f 661// 707// 708//
f 661// 708// 660//
f 660// 708// 709//
f 660// 709// 659//
f 659// 709// 664//
f 659// 664// 639//
f 691// 655// 685//
f 680// 696// 701//
f 701// 696// 688//
f 701// 688// 697//
f 697// 688// 682//
f 697// 682// 690//
f 690// 682// 684//
f 690// 684// 691//
f 691// 684// 655//
f 710// 711// 712//
f 713// 714// 715//
f 716// 717// 718//
f 719// 720// 721//
f 722// 723// 724//
f 725// 640// 665//
f 723// 725// 724//
f 724// 725// 665//
f 724// 665// 726//
f 726// 665// 667//
f 726// 667// 727//
f 727// 667// 669//
f 727// 669// 728//
f 728// 669// 671//
f 728// 671// 729//
f 729// 671// 673//
f 729// 673// 654//
f 720// 722// 721//
f 721// 722// 724//
f 721// 724// 730//
f 730// 724// 726//
f 730// 726// 731//
f 731// 726// 727//
f 731// 727// 732//
f 732// 727// 728//
f 732// 728// 733//
f 733// 728// 729//
f 733// 729// 654//
f 717// 719// 718//
f 718// 719// 721//
f 718// 721// 734//
f 734// 721// 730//
f 734// 730// 735//
f 735// 730// 731//
f 735// 731// 736//
f 736// 731// 732//
f 736// 732// 737//
f 737// 732// 733//
f 737// 733// 654//
f 714// 716// 715//
f 715// 716// 718//
f 715// 718// 738//
f 738// 718// 734//
f 738// 734// 739//
f 739// 734// 735//
f 739// 735// 740//
f 740// 735// 736//
f 740// 736// 741//
f 741// 736// 737//
f 741// 737// 654//
f 711// 713// 712//
f 712// 713// 715//
f 712// 715// 742//
f 742// 715// 738//
f 742// 738// 743//
f 743// 738// 739//
f 743// 739// 744//
f 744// 739// 740//
f 744// 740// 745//
f 745// 740// 741//
f 745// 741// 654//
f 637// 710// 746//
f 746// 710// 712//
f 746// 712// 747//
f 747// 712// 742//
f 747// 742// 748//
f 748// 742// 743//
f 748// 743// 749//
f 749// 743// 744//
f 749// 744// 750//
f 750// 744// 745//
f 750// 745// 654//
f 605// 644// 597//
f 597// 644// 751//
f 597// 751// 599//
f 599// 751// 752//
f 599// 752// 600//
f 600// 752// 753//
f 600// 753// 598//
f 598// 753// 754//
f 598// 754// 595//
f 595// 754// 755//
f 595// 755// 596//
f 596// 755// 642//
f 641// 642// 756//
f 641// 756// 680//
f 680// 756// 757//
f 680// 757// 696//
f 696// 757// 758//
f 696// 758// 695//
f 695// 758// 759//
f 695// 759// 694//
f 694// 759// 760//
f 694// 760// 689//
f 689// 760// 653//
f 689// 653// 655//
f 638// 637// 746//
f 638// 746// 761//
f 761// 746// 747//
f 761// 747// 762//
f 762// 747// 748//
f 762// 748// 763//
f 763// 748// 749//
f 763// 749// 764//
f 764// 749// 750//
f 764// 750// 765//
f 765// 750// 654//
f 765// 654// 650//
f 636// 185// 207//
f 636// 207// 766//
f 766// 207// 206//
f 766// 206// 767//
f 767// 206// 162//
f 767// 162// 768//
f 768// 162// 195//
f 768// 195// 769//
f 769// 195// 208//
f 769// 208// 770//
f 770// 208// 171//
f 770// 171// 638//
f 647// 658// 771//
f 771// 658// 772//
f 771// 772// 773//
f 773// 772// 774//
f 773// 774// 775//
f 775// 774// 776//
f 775// 776// 777//
f 777// 776// 778//
f 777// 778// 779//
f 779// 778// 780//
f 779// 780// 644//
f 644// 780// 751//
f 658// 657// 772//
f 772// 657// 781//
f 772// 781// 774//
f 774// 781// 782//
f 774// 782// 776//
f 776// 782// 783//
f 776// 783// 778//
f 778// 783// 784//
f 778// 784// 780//
f 780// 784// 785//
f 780// 785// 751//
f 751// 785// 752//
f 657// 656// 781//
f 781// 656// 786//
f 781// 786// 782//
f 782// 786// 787//
f 782// 787// 783//
f 783// 787// 788//
f 783// 788// 784//
f 784// 788// 789//
f 784// 789// 785//
f 785// 789// 790//
f 785// 790// 752//
f 752// 790// 753//
f 656// 652// 786//
f 786// 652// 791//
f 786// 791// 787//
f 787// 791// 792//
f 787// 792// 788//
f 788// 792// 793//
f 788// 793// 789//
f 789// 793// 794//
f 789// 794// 790//
f 790// 794// 795//
f 790// 795// 753//
f 753// 795// 754//
f 652// 651// 791//
f 791// 651// 796//
f 791// 796// 792//
f 792// 796// 797//
f 792// 797// 793//
f 793// 797// 798//
f 793// 798// 794//
f 794// 798// 799//
f 794// 799// 795//
f 795// 799// 800//
f 795// 800// 754//
f 754// 800// 755//
f 651// 653// 796//
f 796// 653// 760//
f 796// 760// 797//
f 797// 760// 759//
f 797// 759// 798//
f 798// 759// 758//
f 798// 758// 799//
f 799// 758// 757//
f 799// 757// 800//
f 800// 757// 756//
f 800// 756// 755//
f 755// 756// 642//
f 638// 761// 801//
f 802// 803// 804//
f 650// 805// 806//
f 804// 803// 650//
f 807// 650// 803//
f 807// 803// 808//
f 808// 803// 802//
f 808// 802// 809//
f 765// 650// 807//
f 810// 811// 812//
f 812// 811// 806//
f 812// 806// 813//
f 813// 806// 805//
f 813// 805// 814//
f 765// 807// 764//
f 764// 807// 808//
f 764// 808// 763//
f 763// 808// 809//
f 763// 809// 762//
f 815// 810// 816//
f 816// 810// 812//
f 816// 812// 817//
f 817// 812// 813//
f 817// 813// 818//
f 818// 813// 814//
f 818// 814// 819//
f 820// 815// 821//
f 821// 815// 816//
f 821// 816// 822//
f 822// 816// 817//
f 822// 817// 823//
f 823// 817// 818//
f 823// 818// 824//
f 824// 818// 819//
f 824// 819// 825//
f 761// 820// 801//
f 801// 820// 821//
f 801// 821// 826//
f 826// 821// 822//
f 826// 822// 827//
f 827// 822// 823//
f 827// 823// 828//
f 828// 823// 824//
f 828// 824// 829//
f 829// 824// 825//
f 829// 825// 830//
f 638// 801// 770//
f 770// 801// 826//
f 770// 826// 769//
f 769// 826// 827//
f 769// 827// 768//
f 768// 827// 828//
f 768// 828// 767//
f 767// 828// 829//
f 767// 829// 766//
f 766// 829// 830//
f 766// 830// 636//
f 811// 650// 806//
f 761// 762// 820//
f 820// 762// 809//
f 820// 809// 815//
f 815// 809// 802//
f 815// 802// 810//
f 810// 802// 804//
f 810// 804// 811//
f 811// 804// 650//
f 643// 26// 25//
f 643// 25// 831//
f 831// 25// 24//
f 831// 24// 832//
f 832// 24// 23//
f 832// 23// 833//
f 833// 23// 21//
f 833// 21// 834//
f 834// 21// 20//
f 834// 20// 835//
f 835// 20// 617//
f 835// 617// 646//
f 644// 643// 836//
f 644// 836// 779//
f 779// 836// 837//
f 779// 837// 777//
f 777// 837// 838//
f 777// 838// 775//
f 775// 838// 839//
f 775// 839// 773//
f 773// 839// 840//
f 773// 840// 771//
f 771// 840// 648//
f 771// 648// 647//
f 635// 636// 830//
f 635// 830// 841//
f 841// 830// 825//
f 841// 825// 842//
f 842// 825// 819//
f 842// 819// 843//
f 843// 819// 814//
f 843// 814// 844//
f 844// 814// 805//
f 844// 805// 845//
f 845// 805// 650//
f 845// 650// 649//
f 645// 614// 613//
f 645// 613// 846//
f 846// 613// 612//
f 846// 612// 847//
f 847// 612// 611//
f 847// 611// 848//
f 848// 611// 610//
f 848// 610// 849//
f 849// 610// 606//
f 849// 606// 850//
f 850// 606// 608//
f 850// 608// 635//
f 646// 851// 852//
f 853// 854// 855//
f 648// 840// 856//
f 855// 854// 648//
f 857// 648// 854//
f 857// 854// 858//
f 858// 854// 853//
f 858// 853// 859//
f 860// 648// 857//
f 861// 862// 863//
f 863// 862// 856//
f 863// 856// 864//
f 864// 856// 840//
f 864// 840// 839//
f 860// 857// 865//
f 865// 857// 858//
f 865// 858// 866//
f 866// 858// 859//
f 866// 859// 867//
f 868// 861// 869//
f 869// 861// 863//
f 869// 863// 870//
f 870// 863// 864//
f 870// 864// 871//
f 871// 864// 839//
f 871// 839// 838//
f 872// 868// 873//
f 873// 868// 869//
f 873// 869// 874//
f 874// 869// 870//
f 874// 870// 875//
f 875// 870// 871//
f 875// 871// 876//
f 876// 871// 838//
f 876// 838// 837//
f 851// 872// 852//
f 852// 872// 873//
f 852// 873// 877//
f 877// 873// 874//
f 877// 874// 878//
f 878// 874// 875//
f 878// 875// 879//
f 879// 875// 876//
f 879// 876// 880//
f 880// 876// 837//
f 880// 837// 836//
f 646// 852// 835//
f 835// 852// 877//
f 835// 877// 834//
f 834// 877// 878//
f 834// 878// 833//
f 833// 878// 879//
f 833// 879// 832//
f 832// 879// 880//
f 832// 880// 831//
f 831// 880// 836//
f 831// 836// 643//
f 862// 648// 856//
f 851// 867// 872//
f 872// 867// 859//
f 872// 859// 868//
f 868// 859// 853//
f 868// 853// 861//
f 861// 853// 855//
f 861// 855// 862//
f 862// 855// 648//
f 881// 882// 883//
f 884// 885// 886//
f 887// 888// 889//
f 890// 891// 892//
f 892// 891// 649//
f 893// 649// 891//
f 893// 891// 894//
f 894// 891// 890//
f 894// 890// 895//
f 896// 649// 893//
f 896// 893// 897//
f 897// 893// 894//
f 897// 894// 898//
f 898// 894// 895//
f 898// 895// 899//
f 845// 649// 896//
f 845// 896// 844//
f 844// 896// 897//
f 844// 897// 843//
f 843// 897// 898//
f 843// 898// 842//
f 842// 898// 899//
f 842// 899// 841//
f 900// 901// 902//
f 903// 904// 901//
f 901// 904// 905//
f 901// 905// 902//
f 902// 905// 906//
f 902// 906// 635//
f 888// 903// 889//
f 889// 903// 901//
f 889// 901// 907//
f 907// 901// 900//
f 907// 900// 908//
f 885// 887// 886//
f 886// 887// 889//
f 886// 889// 909//
f 909// 889// 907//
f 909// 907// 910//
f 910// 907// 908//
f 910// 908// 911//
f 882// 884// 883//
f 883// 884// 886//
f 883// 886// 912//
f 912// 886// 909//
f 912// 909// 913//
f 913// 909// 910//
f 913// 910// 914//
f 914// 910// 911//
f 914// 911// 915//
f 916// 881// 917//
f 917// 881// 883//
f 917// 883// 918//
f 918// 883// 912//
f 918// 912// 919//
f 919// 912// 913//
f 919// 913// 920//
f 920// 913// 914//
f 920// 914// 921//
f 921// 914// 915//
f 645// 916// 922//
f 922// 916// 917//
f 922// 917// 923//
f 923// 917// 918//
f 923// 918// 924//
f 924// 918// 919//
f 924// 919// 925//
f 925// 919// 920//
f 925// 920// 926//
f 926// 920// 921//
f 926// 921// 649//
f 915// 649// 921//
f 635// 841// 902//
f 902// 841// 899//
f 902// 899// 900//
f 900// 899// 895//
f 900// 895// 908//
f 908// 895// 890//
f 908// 890// 911//
f 911// 890// 892//
f 911// 892// 915//
f 915// 892// 649//
f 646// 645// 922//
f 646// 922// 851//
f 851// 922// 923//
f 851// 923// 867//
f 867// 923// 924//
f 867// 924// 866//
f 866// 924// 925//
f 866// 925// 865//
f 865// 925// 926//
f 865// 926// 860//
f 860// 926// 649//
f 860// 649// 648//
usemtl 1
f 927// 928// 929//
f 930// 931// 932//
f 933// 934// 935//
f 935// 934// 936//
f 937// 938// 939//
f 939// 938// 940//
f 941// 942// 943//
f 940// 944// 939//
f 939// 944// 930//
f 939// 930// 945//
f 945// 930// 932//
f 946// 947// 948//
f 949// 950// 951//
f 952// 953// 929//
f 951// 952// 949//
f 949// 952// 929//
f 949// 929// 954//
f 954// 929// 948//
f 954// 948// 955//
f 955// 948// 956//
f 957// 958// 959//
f 960// 961// 962//
f 959// 963// 957//
f 957// 963// 948//
f 957// 948// 964//
f 964// 948// 947//
f 964// 947// 965//
f 965// 947// 966//
f 967// 968// 929//
f 969// 970// 971//
f 971// 970// 972//
f 963// 971// 948//
f 948// 971// 972//
f 948// 972// 936//
f 936// 972// 944//
f 936// 944// 935//
f 935// 944// 940//
f 962// 967// 960//
f 960// 967// 929//
f 960// 929// 973//
f 973// 929// 953//
f 973// 953// 974//
f 974// 953// 975//
f 976// 977// 978//
f 979// 980// 929//
f 978// 979// 976//
f 976// 979// 929//
f 976// 929// 981//
f 981// 929// 968//
f 981// 968// 982//
f 982// 968// 983//
f 984// 985// 986//
f 986// 927// 984//
f 984// 927// 929//
f 984// 929// 987//
f 987// 929// 980//
f 987// 980// 988//
f 988// 980// 989//
f 990// 991// 992//
f 992// 991// 993//
f 994// 995// 996//
f 996// 995// 997//
f 998// 996// 999//
f 999// 996// 1000//
f 999// 1000// 1001//
f 1001// 1000// 1002//
f 1003// 1004// 1005//
f 1005// 1004// 1006//
f 1007// 1008// 1009//
f 1010// 1011// 998//
f 998// 1011// 1012//
f 998// 1012// 996//
f 996// 1012// 1005//
f 996// 1005// 1013//
f 1013// 1005// 1006//
f 1013// 1006// 1014//
f 1015// 1016// 1014//
f 1014// 1016// 1017//
f 1018// 1019// 1020//
f 1009// 1013// 1007//
f 1007// 1013// 1014//
f 1007// 1014// 1021//
f 1021// 1014// 1017//
f 1021// 1017// 1022//
f 1023// 1024// 1022//
f 1022// 1024// 1025//
f 1026// 1027// 1028//
f 1020// 1021// 1018//
f 1018// 1021// 1022//
f 1018// 1022// 1029//
f 1029// 1022// 1025//
f 1029// 1025// 1030//
f 1031// 1032// 1030//
f 1030// 1032// 1033//
f 1034// 1035// 1036//
f 1028// 1029// 1026//
f 1026// 1029// 1030//
f 1026// 1030// 1037//
f 1037// 1030// 1033//
f 1037// 1033// 1038//
f 1039// 1040// 1038//
f 1038// 1040// 1041//
f 1042// 1043// 1044//
f 1036// 1037// 1034//
f 1034// 1037// 1038//
f 1034// 1038// 1045//
f 1045// 1038// 1041//
f 1045// 1041// 1046//
f 1047// 1048// 1046//
f 1046// 1048// 1049//
f 1044// 1045// 1042//
f 1042// 1045// 1046//
f 1042// 1046// 1050//
f 1050// 1046// 1049//
f 1050// 1049// 1051//
f 1051// 1049// 1052//
f 1053// 1054// 1055//
f 1055// 1054// 1051//
f 1055// 1051// 1056//
f 1056// 1051// 1052//
f 1056// 1052// 1057//
f 1057// 1052// 1058//
f 1059// 1060// 1061//
f 1061// 1060// 1062//
f 943// 946// 941//
f 941// 946// 948//
f 941// 948// 996//
f 996// 948// 929//
f 996// 929// 994//
f 994// 929// 1060//
f 994// 1060// 1063//
f 1063// 1060// 1059//
f 1064// 1065// 1066//
f 1066// 1065// 1067//
f 1068// 1069// 1070//
f 1071// 1072// 929//
f 1073// 1074// 1075//
f 1076// 1077// 1072//
f 1072// 1077// 1078//
f 1072// 1078// 929//
f 929// 1078// 1079//
f 929// 1079// 1060//
f 1080// 1081// 1082//
f 1082// 1081// 1066//
f 1082// 1066// 1083//
f 1083// 1066// 1067//
f 1083// 1067// 1084//
f 1084// 1067// 1085//
f 1070// 1071// 1068//
f 1068// 1071// 929//
f 1068// 929// 1086//
f 1086// 929// 1066//
f 1086// 1066// 1062//
f 1087// 1088// 1084//
f 1089// 1090// 1091//
f 1091// 1090// 1092//
f 1091// 1092// 1093//
f 1094// 1095// 1091//
f 1091// 1095// 1096//
f 1097// 1098// 1099//
f 1099// 1098// 1100//
f 1096// 1101// 1091//
f 1091// 1101// 1100//
f 1091// 1100// 1102//
f 1102// 1100// 1098//
f 1075// 1087// 1073//
f 1073// 1087// 1084//
f 1073// 1084// 1103//
f 1103// 1084// 1085//
f 1103// 1085// 1104//
f 1104// 1085// 1105//
f 1093// 1106// 1091//
f 1091// 1106// 1107//
f 1091// 1107// 1094//
f 1066// 1108// 1109//
f 1110// 1111// 1088//
f 1088// 1111// 1112//
f 1088// 1112// 1084//
f 1084// 1112// 1113//
f 1114// 1115// 1116//
f 1116// 1115// 1117//
f 1114// 1118// 1115//
f 1115// 1118// 1119//
f 1115// 1119// 1081//
f 1081// 1119// 1120//
f 1081// 1120// 1121//
f 1115// 1084// 1117//
f 1117// 1084// 1113//
f 1117// 1113// 997//
f 997// 1113// 992//
f 997// 992// 996//
f 996// 992// 993//
f 996// 993// 1000//
f 1109// 1122// 1066//
f 1066// 1122// 1123//
f 1066// 1123// 1124//
f 1121// 1125// 1081//
f 1081// 1125// 1126//
f 1081// 1126// 1066//
f 1066// 1126// 1127//
f 1066// 1127// 1108//
f 1124// 1128// 1066//
f 1066// 1128// 1129//
f 1066// 1129// 1062//
f 1062// 1129// 1130//
f 1062// 1130// 1061//
f 1061// 1130// 1131//
f 1061// 1131// 1091//
f 1091// 1131// 1132//
f 1091// 1132// 1089//
f 1133// 1134// 1135//
f 1136// 1137// 1066//
f 1135// 1138// 1133//
f 1133// 1138// 1139//
f 1133// 1139// 1140//
f 1141// 929// 1142//
f 1142// 929// 928//
f 1142// 928// 1137//
f 1137// 928// 1143//
f 1137// 1143// 1066//
f 1144// 1145// 1146//
f 1140// 1147// 1133//
f 1133// 1147// 929//
f 1133// 929// 1148//
f 1148// 929// 1141//
f 1148// 1141// 1149//
f 1149// 1141// 1150//
f 1151// 1152// 1066//
f 1147// 1153// 929//
f 929// 1153// 1154//
f 929// 1154// 1066//
f 1066// 1154// 1155//
f 1156// 1157// 1136//
f 1136// 1157// 1158//
f 1146// 1151// 1144//
f 1144// 1151// 1066//
f 1144// 1066// 1159//
f 1159// 1066// 1143//
f 1159// 1143// 1160//
f 1160// 1143// 1161//
f 1155// 1162// 1066//
f 1066// 1162// 1163//
f 1066// 1163// 1136//
f 1136// 1163// 1164//
f 1136// 1164// 1156//
f 1158// 1165// 1136//
f 1136// 1165// 1166//
f 1136// 1166// 1133//
f 1133// 1166// 1167//
f 1133// 1167// 1134//
f 1168// 1169// 1170//
f 1170// 1169// 1066//
f 1170// 1066// 1171//
f 1171// 1066// 1152//
f 1171// 1152// 1172//
f 1172// 1152// 1173//
f 1174// 1175// 938//
f 1176// 1177// 937//
f 937// 1177// 190//
f 937// 190// 938//
f 938// 190// 189//
f 938// 189// 1174//
f 1178// 1179// 934//
f 1180// 1181// 933//
f 933// 1181// 184//
f 933// 184// 934//
f 934// 184// 183//
f 934// 183// 1178//
f 1182// 1183// 955//
f 1184// 1185// 956//
f 956// 1185// 263//
f 956// 263// 955//
f 955// 263// 262//
f 955// 262// 1182//
f 1186// 1187// 951//
f 1188// 1189// 950//
f 950// 1189// 276//
f 950// 276// 951//
f 951// 276// 275//
f 951// 275// 1186//
f 1190// 1191// 974//
f 1192// 1193// 975//
f 975// 1193// 250//
f 975// 250// 974//
f 974// 250// 249//
f 974// 249// 1190//
f 1194// 1195// 962//
f 1196// 1197// 961//
f 961// 1197// 203//
f 961// 203// 962//
f 962// 203// 202//
f 962// 202// 1194//
f 1198// 1199// 982//
f 1200// 1201// 983//
f 983// 1201// 360//
f 983// 360// 982//
f 982// 360// 359//
f 982// 359// 1198//
f 1202// 1203// 978//
f 1204// 1205// 977//
f 977// 1205// 388//
f 977// 388// 978//
f 978// 388// 387//
f 978// 387// 1202//
f 1206// 1207// 988//
f 1208// 1209// 989//
f 989// 1209// 342//
f 989// 342// 988//
f 988// 342// 341//
f 988// 341// 1206//
f 1210// 1211// 986//
f 1212// 1213// 985//
f 985// 1213// 356//
f 985// 356// 986//
f 986// 356// 355//
f 986// 355// 1210//
f 1214// 1215// 1160//
f 1216// 1217// 1161//
f 1161// 1217// 349//
f 1161// 349// 1160//
f 1160// 349// 348//
f 1160// 348// 1214//
f 1218// 1219// 1146//
f 1220// 1221// 1145//
f 1145// 1221// 327//
f 1145// 327// 1146//
f 1146// 327// 326//
f 1146// 326// 1218//
f 1222// 1223// 1172//
f 1224// 1225// 1173//
f 1173// 1225// 307//
f 1173// 307// 1172//
f 1172// 307// 306//
f 1172// 306// 1222//
f 1226// 1227// 1168//
f 1168// 1227// 618//
f 607// 1169// 609//
f 609// 1169// 1168//
f 609// 1168// 619//
f 619// 1168// 618//
f 1228// 1229// 930//
f 930// 1229// 224//
f 930// 224// 931//
f 931// 224// 12//
f 1230// 1231// 970//
f 1232// 1233// 969//
f 969// 1233// 253//
f 969// 253// 970//
f 970// 253// 252//
f 970// 252// 1230//
f 1234// 1235// 959//
f 1236// 1237// 958//
f 958// 1237// 291//
f 958// 291// 959//
f 959// 291// 290//
f 959// 290// 1234//
f 1238// 1239// 965//
f 1240// 1241// 966//
f 966// 1241// 273//
f 966// 273// 965//
f 965// 273// 272//
f 965// 272// 1238//
f 1242// 1243// 943//
f 1244// 1245// 942//
f 942// 1245// 562//
f 942// 562// 943//
f 943// 562// 561//
f 943// 561// 1242//
f 1246// 1247// 1009//
f 1248// 1249// 1008//
f 1008// 1249// 586//
f 1008// 586// 1009//
f 1009// 586// 585//
f 1009// 585// 1246//
f 1250// 1251// 1020//
f 1252// 1253// 1019//
f 1019// 1253// 591//
f 1019// 591// 1020//
f 1020// 591// 590//
f 1020// 590// 1250//
f 1254// 1255// 1028//
f 1256// 1257// 1027//
f 1027// 1257// 539//
f 1027// 539// 1028//
f 1028// 539// 538//
f 1028// 538// 1254//
f 1258// 1259// 1036//
f 1260// 1261// 1035//
f 1035// 1261// 572//
f 1035// 572// 1036//
f 1036// 572// 571//
f 1036// 571// 1258//
f 1262// 1263// 1044//
f 1264// 1265// 1043//
f 1043// 1265// 523//
f 1043// 523// 1044//
f 1044// 523// 522//
f 1044// 522// 1262//
f 1266// 1267// 1104//
f 1268// 1269// 1105//
f 1105// 1269// 93//
f 1105// 93// 1104//
f 1104// 93// 92//
f 1104// 92// 1266//
f 1270// 1271// 1075//
f 1272// 1273// 1074//
f 1074// 1273// 59//
f 1074// 59// 1075//
f 1075// 59// 58//
f 1075// 58// 1270//
f 1274// 1275// 1111//
f 1276// 1277// 1110//
f 1110// 1277// 153//
f 1110// 153// 1111//
f 1111// 153// 152//
f 1111// 152// 1274//
f 1278// 1279// 991//
f 1280// 1281// 990//
f 990// 1281// 160//
f 990// 160// 991//
f 991// 160// 159//
f 991// 159// 1278//
f 1282// 1283// 1001//
f 1284// 1285// 1002//
f 1002// 1285// 137//
f 1002// 137// 1001//
f 1001// 137// 136//
f 1001// 136// 1282//
f 1286// 1287// 1011//
f 1288// 1289// 1010//
f 1010// 1289// 124//
f 1010// 124// 1011//
f 1011// 124// 123//
f 1011// 123// 1286//
f 1290// 1291// 1004//
f 1292// 1293// 1003//
f 1003// 1293// 99//
f 1003// 99// 1004//
f 1004// 99// 98//
f 1004// 98// 1290//
f 1294// 1295// 1016//
f 1296// 1297// 1015//
f 1015// 1297// 418//
f 1015// 418// 1016//
f 1016// 418// 417//
f 1016// 417// 1294//
f 1298// 1299// 1024//
f 1300// 1301// 1023//
f 1023// 1301// 497//
f 1023// 497// 1024//
f 1024// 497// 496//
f 1024// 496// 1298//
f 1302// 1303// 1032//
f 1304// 1305// 1031//
f 1031// 1305// 481//
f 1031// 481// 1032//
f 1032// 481// 480//
f 1032// 480// 1302//
f 1306// 1307// 1040//
f 1308// 1309// 1039//
f 1039// 1309// 441//
f 1039// 441// 1040//
f 1040// 441// 440//
f 1040// 440// 1306//
f 1310// 1311// 1048//
f 1312// 1313// 1047//
f 1047// 1313// 448//
f 1047// 448// 1048//
f 1048// 448// 447//
f 1048// 447// 1310//
f 1314// 1315// 1057//
f 1316// 1317// 1058//
f 1058// 1317// 432//
f 1058// 432// 1057//
f 1057// 432// 431//
f 1057// 431// 1314//
f 1318// 1319// 1053//
f 1053// 1319// 452//
f 1053// 452// 1054//
f 1054// 452// 451//
f 1320// 1321// 932//
f 931// 12// 932//
f 932// 12// 11//
f 932// 11// 1320//
f 506// 1322// 1051//
f 1051// 1322// 1323//
f 506// 1051// 423//
f 423// 1051// 1054//
f 423// 1054// 451//
f 1324// 1325// 1065//
f 1064// 631// 1065//
f 1065// 631// 632//
f 632// 9// 1065//
f 1065// 9// 8//
f 1065// 8// 1324//
f 1066// 1169// 607//
f 607// 615// 1066//
f 1066// 615// 22//
f 1066// 22// 1064//
f 1064// 22// 15//
f 15// 622// 1064//
f 1064// 622// 624//
f 1064// 624// 631//
usemtl 3
f 1326// 1318// 1055//
f 1055// 1318// 1053//
f 1327// 1326// 1056//
f 1056// 1326// 1055//
f 1315// 1327// 1057//
f 1057// 1327// 1056//
f 1326// 1327// 1328//
f 1315// 1314// 1329//
f 1330// 1331// 1327//
f 1327// 1331// 1332//
f 1327// 1332// 1328//
f 1315// 1329// 1327//
f 1327// 1329// 1333//
f 1327// 1333// 1330//
f 1328// 1334// 1326//
f 1326// 1334// 1335//
f 1326// 1335// 1336//
f 1336// 1337// 1326//
f 1326// 1337// 1338//
f 1326// 1338// 1318//
f 1318// 1338// 1339//
f 1318// 1339// 1319//
f 1323// 1340// 1051//
f 1051// 1340// 1050//
f 1341// 1264// 1042//
f 1042// 1264// 1043//
f 1340// 1341// 1050//
f 1050// 1341// 1042//
f 1342// 1343// 1340//
f 1340// 1343// 1344//
f 1344// 1345// 1340//
f 1340// 1345// 1346//
f 1340// 1346// 1341//
f 1341// 1346// 1347//
f 1341// 1347// 1348//
f 1342// 1340// 1349//
f 1349// 1340// 1323//
f 1349// 1323// 1322//
f 1348// 1350// 1341//
f 1341// 1350// 1351//
f 1341// 1351// 1264//
f 1264// 1351// 1352//
f 1264// 1352// 1265//
f 1353// 1316// 1052//
f 1052// 1316// 1058//
f 1354// 1353// 1049//
f 1049// 1353// 1052//
f 1311// 1354// 1048//
f 1048// 1354// 1049//
f 1353// 1354// 1355//
f 1311// 1310// 1356//
f 1357// 1358// 1354//
f 1354// 1358// 1359//
f 1354// 1359// 1355//
f 1311// 1356// 1354//
f 1354// 1356// 1360//
f 1354// 1360// 1357//
f 1355// 1361// 1353//
f 1353// 1361// 1362//
f 1353// 1362// 1363//
f 1363// 1364// 1353//
f 1353// 1364// 1365//
f 1353// 1365// 1316//
f 1316// 1365// 1366//
f 1316// 1366// 1317//
f 1367// 1312// 1046//
f 1046// 1312// 1047//
f 1368// 1367// 1041//
f 1041// 1367// 1046//
f 1307// 1368// 1040//
f 1040// 1368// 1041//
f 1367// 1368// 1369//
f 1307// 1306// 1370//
f 1371// 1372// 1368//
f 1368// 1372// 1373//
f 1368// 1373// 1369//
f 1307// 1370// 1368//
f 1368// 1370// 1374//
f 1368// 1374// 1371//
f 1369// 1375// 1367//
f 1367// 1375// 1376//
f 1367// 1376// 1377//
f 1377// 1378// 1367//
f 1367// 1378// 1379//
f 1367// 1379// 1312//
f 1312// 1379// 1380//
f 1312// 1380// 1313//
f 1381// 1308// 1038//
f 1038// 1308// 1039//
f 1382// 1381// 1033//
f 1033// 1381// 1038//
f 1303// 1382// 1032//
f 1032// 1382// 1033//
f 1383// 1384// 1382//
f 1381// 1382// 1385//
f 1383// 1382// 1386//
f 1386// 1382// 1303//
f 1386// 1303// 1302//
f 1384// 1387// 1382//
f 1382// 1387// 1388//
f 1382// 1388// 1385//
f 1385// 1389// 1381//
f 1381// 1389// 1390//
f 1381// 1390// 1391//
f 1391// 1392// 1381//
f 1381// 1392// 1393//
f 1381// 1393// 1308//
f 1308// 1393// 1394//
f 1308// 1394// 1309//
f 1395// 1304// 1030//
f 1030// 1304// 1031//
f 1396// 1395// 1025//
f 1025// 1395// 1030//
f 1299// 1396// 1024//
f 1024// 1396// 1025//
f 1397// 1398// 1396//
f 1395// 1396// 1399//
f 1397// 1396// 1400//
f 1400// 1396// 1299//
f 1400// 1299// 1298//
f 1398// 1401// 1396//
f 1396// 1401// 1402//
f 1396// 1402// 1399//
f 1399// 1403// 1395//
f 1395// 1403// 1404//
f 1395// 1404// 1405//
f 1405// 1406// 1395//
f 1395// 1406// 1407//
f 1395// 1407// 1304//
f 1304// 1407// 1408//
f 1304// 1408// 1305//
f 1409// 1300// 1022//
f 1022// 1300// 1023//
f 1410// 1409// 1017//
f 1017// 1409// 1022//
f 1295// 1410// 1016//
f 1016// 1410// 1017//
f 1411// 1412// 1410//
f 1409// 1410// 1413//
f 1411// 1410// 1414//
f 1414// 1410// 1295//
f 1414// 1295// 1294//
f 1412// 1415// 1410//
f 1410// 1415// 1416//
f 1410// 1416// 1413//
f 1413// 1417// 1409//
f 1409// 1417// 1418//
f 1409// 1418// 1419//
f 1419// 1420// 1409//
f 1409// 1420// 1421//
f 1409// 1421// 1300//
f 1300// 1421// 1422//
f 1300// 1422// 1301//
f 1423// 1296// 1014//
f 1014// 1296// 1015//
f 1424// 1423// 1006//
f 1006// 1423// 1014//
f 1291// 1424// 1004//
f 1004// 1424// 1006//
f 1423// 1424// 1425//
f 1424// 1426// 1427//
f 1426// 1424// 1428//
f 1428// 1424// 1291//
f 1428// 1291// 1290//
f 1427// 1429// 1424//
f 1424// 1429// 1430//
f 1424// 1430// 1425//
f 1425// 1431// 1423//
f 1423// 1431// 1432//
f 1423// 1432// 1433//
f 1433// 1434// 1423//
f 1423// 1434// 1435//
f 1423// 1435// 1296//
f 1296// 1435// 1436//
f 1296// 1436// 1297//
f 1437// 1292// 1005//
f 1005// 1292// 1003//
f 1438// 1437// 1012//
f 1012// 1437// 1005//
f 1287// 1438// 1011//
f 1011// 1438// 1012//
f 1437// 1438// 1439//
f 1438// 1440// 1441//
f 1440// 1438// 1442//
f 1442// 1438// 1287//
f 1442// 1287// 1286//
f 1441// 1443// 1438//
f 1438// 1443// 1444//
f 1438// 1444// 1439//
f 1439// 1445// 1437//
f 1437// 1445// 1446//
f 1437// 1446// 1447//
f 1447// 1448// 1437//
f 1437// 1448// 1449//
f 1437// 1449// 1292//
f 1292// 1449// 1450//
f 1292// 1450// 1293//
f 1451// 1288// 998//
f 998// 1288// 1010//
f 1452// 1451// 999//
f 999// 1451// 998//
f 1283// 1452// 1001//
f 1001// 1452// 999//
f 1283// 1282// 1453//
f 1283// 1453// 1452//
f 1453// 1454// 1452//
f 1452// 1454// 1455//
f 1452// 1455// 1456//
f 1457// 1458// 1451//
f 1456// 1459// 1452//
f 1452// 1459// 1460//
f 1452// 1460// 1451//
f 1451// 1460// 1461//
f 1451// 1461// 1457//
f 1458// 1462// 1451//
f 1451// 1462// 1463//
f 1451// 1463// 1288//
f 1288// 1463// 1464//
f 1288// 1464// 1289//
f 1465// 1284// 1000//
f 1000// 1284// 1002//
f 1466// 1465// 993//
f 993// 1465// 1000//
f 1279// 1466// 991//
f 991// 1466// 993//
f 1279// 1278// 1467//
f 1279// 1467// 1466//
f 1467// 1468// 1466//
f 1466// 1468// 1469//
f 1466// 1469// 1470//
f 1471// 1472// 1465//
f 1470// 1473// 1466//
f 1466// 1473// 1474//
f 1466// 1474// 1465//
f 1465// 1474// 1475//
f 1465// 1475// 1471//
f 1472// 1476// 1465//
f 1465// 1476// 1477//
f 1465// 1477// 1284//
f 1284// 1477// 1478//
f 1284// 1478// 1285//
f 1479// 1280// 992//
f 992// 1280// 990//
f 1112// 1480// 1113//
f 1113// 1480// 1479//
f 1113// 1479// 992//
f 1275// 1480// 1111//
f 1111// 1480// 1112//
f 1481// 1482// 1480//
f 1480// 1482// 1483//
f 1484// 1485// 1479//
f 1481// 1480// 1486//
f 1486// 1480// 1275//
f 1486// 1275// 1274//
f 1483// 1487// 1480//
f 1480// 1487// 1488//
f 1480// 1488// 1479//
f 1479// 1488// 1489//
f 1479// 1489// 1484//
f 1485// 1490// 1479//
f 1479// 1490// 1491//
f 1479// 1491// 1280//
f 1280// 1491// 1492//
f 1280// 1492// 1281//
f 1493// 1276// 1088//
f 1088// 1276// 1110//
f 1494// 1493// 1087//
f 1087// 1493// 1088//
f 1271// 1494// 1075//
f 1075// 1494// 1087//
f 1493// 1494// 1495//
f 1494// 1496// 1497//
f 1496// 1494// 1498//
f 1498// 1494// 1271//
f 1498// 1271// 1270//
f 1497// 1499// 1494//
f 1494// 1499// 1500//
f 1494// 1500// 1495//
f 1495// 1501// 1493//
f 1493// 1501// 1502//
f 1493// 1502// 1503//
f 1503// 1504// 1493//
f 1493// 1504// 1505//
f 1493// 1505// 1276//
f 1276// 1505// 1506//
f 1276// 1506// 1277//
f 1507// 1272// 1073//
f 1073// 1272// 1074//
f 1508// 1507// 1103//
f 1103// 1507// 1073//
f 1267// 1508// 1104//
f 1104// 1508// 1103//
f 1509// 1510// 1508//
f 1507// 1508// 1511//
f 1509// 1508// 1512//
f 1512// 1508// 1267//
f 1512// 1267// 1266//
f 1510// 1513// 1508//
f 1508// 1513// 1514//
f 1508// 1514// 1511//
f 1511// 1515// 1507//
f 1507// 1515// 1516//
f 1507// 1516// 1517//
f 1517// 1518// 1507//
f 1507// 1518// 1519//
f 1507// 1519// 1272//
f 1272// 1519// 1520//
f 1272// 1520// 1273//
f 1521// 1268// 1085//
f 1085// 1268// 1105//
f 1522// 1521// 1067//
f 1067// 1521// 1085//
f 1325// 1522// 1065//
f 1065// 1522// 1067//
f 1523// 1524// 1522//
f 1521// 1522// 1525//
f 1523// 1522// 1526//
f 1526// 1522// 1325//
f 1526// 1325// 1324//
f 1524// 1527// 1522//
f 1522// 1527// 1528//
f 1522// 1528// 1525//
f 1525// 1529// 1521//
f 1521// 1529// 1530//
f 1521// 1530// 1531//
f 1531// 1532// 1521//
f 1521// 1532// 1533//
f 1521// 1533// 1268//
f 1268// 1533// 1534//
f 1268// 1534// 1269//
f 1535// 1226// 1170//
f 1170// 1226// 1168//
f 1536// 1535// 1171//
f 1171// 1535// 1170//
f 1223// 1536// 1172//
f 1172// 1536// 1171//
f 1537// 1538// 1536//
f 1536// 1538// 1539//
f 1539// 1540// 1536//
f 1536// 1540// 1541//
f 1536// 1541// 1535//
f 1535// 1541// 1542//
f 1535// 1542// 1543//
f 1537// 1536// 1544//
f 1544// 1536// 1223//
f 1544// 1223// 1222//
f 1543// 1545// 1535//
f 1535// 1545// 1546//
f 1535// 1546// 1226//
f 1226// 1546// 1547//
f 1226// 1547// 1227//
f 1548// 1224// 1152//
f 1152// 1224// 1173//
f 1549// 1548// 1151//
f 1151// 1548// 1152//
f 1219// 1549// 1146//
f 1146// 1549// 1151//
f 1219// 1218// 1550//
f 1549// 1551// 1552//
f 1552// 1553// 1549//
f 1549// 1553// 1554//
f 1549// 1554// 1548//
f 1548// 1554// 1555//
f 1548// 1555// 1556//
f 1219// 1550// 1549//
f 1549// 1550// 1557//
f 1549// 1557// 1551//
f 1556// 1558// 1548//
f 1548// 1558// 1559//
f 1548// 1559// 1224//
f 1224// 1559// 1560//
f 1224// 1560// 1225//
f 1561// 1220// 1144//
f 1144// 1220// 1145//
f 1562// 1561// 1159//
f 1159// 1561// 1144//
f 1215// 1562// 1160//
f 1160// 1562// 1159//
f 1215// 1214// 1563//
f 1564// 1565// 1562//
f 1562// 1565// 1566//
f 1562// 1566// 1561//
f 1215// 1563// 1562//
f 1562// 1563// 1567//
f 1562// 1567// 1564//
f 1566// 1568// 1561//
f 1561// 1568// 1569//
f 1561// 1569// 1570//
f 1570// 1571// 1561//
f 1561// 1571// 1572//
f 1561// 1572// 1220//
f 1220// 1572// 1573//
f 1220// 1573// 1221//
f 1574// 1216// 1143//
f 1143// 1216// 1161//
f 927// 1575// 928//
f 928// 1575// 1574//
f 928// 1574// 1143//
f 1211// 1575// 986//
f 986// 1575// 927//
f 1211// 1210// 1576//
f 1211// 1576// 1575//
f 1576// 1577// 1575//
f 1575// 1577// 1578//
f 1575// 1578// 1579//
f 1579// 1580// 1575//
f 1575// 1580// 1581//
f 1575// 1581// 1574//
f 1574// 1581// 1582//
f 1574// 1582// 1583//
f 1583// 1584// 1574//
f 1574// 1584// 1585//
f 1574// 1585// 1216//
f 1216// 1585// 1586//
f 1216// 1586// 1217//
f 1587// 1212// 984//
f 984// 1212// 985//
f 1588// 1587// 987//
f 987// 1587// 984//
f 1207// 1588// 988//
f 988// 1588// 987//
f 1207// 1206// 1589//
f 1207// 1589// 1588//
f 1589// 1590// 1588//
f 1588// 1590// 1591//
f 1588// 1591// 1592//
f 1592// 1593// 1588//
f 1588// 1593// 1594//
f 1588// 1594// 1587//
f 1587// 1594// 1595//
f 1587// 1595// 1596//
f 1596// 1597// 1587//
f 1587// 1597// 1598//
f 1587// 1598// 1212//
f 1212// 1598// 1599//
f 1212// 1599// 1213//
f 1600// 1208// 980//
f 980// 1208// 989//
f 1601// 1600// 979//
f 979// 1600// 980//
f 1203// 1601// 978//
f 978// 1601// 979//
f 1203// 1202// 1602//
f 1203// 1602// 1601//
f 1602// 1603// 1601//
f 1601// 1603// 1604//
f 1601// 1604// 1605//
f 1605// 1606// 1601//
f 1601// 1606// 1607//
f 1601// 1607// 1600//
f 1600// 1607// 1608//
f 1600// 1608// 1609//
f 1609// 1610// 1600//
f 1600// 1610// 1611//
f 1600// 1611// 1208//
f 1208// 1611// 1612//
f 1208// 1612// 1209//
f 1613// 1204// 976//
f 976// 1204// 977//
f 1614// 1613// 981//
f 981// 1613// 976//
f 1199// 1614// 982//
f 982// 1614// 981//
f 1199// 1198// 1615//
f 1614// 1616// 1617//
f 1199// 1615// 1614//
f 1614// 1615// 1618//
f 1614// 1618// 1616//
f 1617// 1619// 1614//
f 1614// 1619// 1620//
f 1614// 1620// 1613//
f 1613// 1620// 1621//
f 1613// 1621// 1622//
f 1622// 1623// 1613//
f 1613// 1623// 1624//
f 1613// 1624// 1204//
f 1204// 1624// 1625//
f 1204// 1625// 1205//
f 1626// 1200// 968//
f 968// 1200// 983//
f 1627// 1626// 967//
f 967// 1626// 968//
f 1195// 1627// 962//
f 962// 1627// 967//
f 1195// 1194// 1628//
f 1627// 1629// 1630//
f 1195// 1628// 1627//
f 1627// 1628// 1631//
f 1627// 1631// 1629//
f 1630// 1632// 1627//
f 1627// 1632// 1633//
f 1627// 1633// 1626//
f 1626// 1633// 1634//
f 1626// 1634// 1635//
f 1635// 1636// 1626//
f 1626// 1636// 1637//
f 1626// 1637// 1200//
f 1200// 1637// 1638//
f 1200// 1638// 1201//
f 1639// 1196// 960//
f 960// 1196// 961//
f 1640// 1639// 973//
f 973// 1639// 960//
f 1191// 1640// 974//
f 974// 1640// 973//
f 1641// 1642// 1640//
f 1640// 1642// 1643//
f 1643// 1644// 1640//
f 1640// 1644// 1645//
f 1640// 1645// 1639//
f 1639// 1645// 1646//
f 1639// 1646// 1647//
f 1641// 1640// 1648//
f 1648// 1640// 1191//
f 1648// 1191// 1190//
f 1647// 1649// 1639//
f 1639// 1649// 1650//
f 1639// 1650// 1196//
f 1196// 1650// 1651//
f 1196// 1651// 1197//
f 1652// 1192// 953//
f 953// 1192// 975//
f 1653// 1652// 952//
f 952// 1652// 953//
f 1187// 1653// 951//
f 951// 1653// 952//
f 1654// 1655// 1653//
f 1653// 1655// 1656//
f 1656// 1657// 1653//
f 1653// 1657// 1658//
f 1653// 1658// 1652//
f 1652// 1658// 1659//
f 1652// 1659// 1660//
f 1654// 1653// 1661//
f 1661// 1653// 1187//
f 1661// 1187// 1186//
f 1660// 1662// 1652//
f 1652// 1662// 1663//
f 1652// 1663// 1192//
f 1192// 1663// 1664//
f 1192// 1664// 1193//
f 1665// 1188// 949//
f 949// 1188// 950//
f 1666// 1665// 954//
f 954// 1665// 949//
f 1183// 1666// 955//
f 955// 1666// 954//
f 1667// 1668// 1666//
f 1666// 1668// 1669//
f 1669// 1670// 1666//
f 1666// 1670// 1671//
f 1666// 1671// 1665//
f 1665// 1671// 1672//
f 1665// 1672// 1673//
f 1667// 1666// 1674//
f 1674// 1666// 1183//
f 1674// 1183// 1182//
f 1673// 1675// 1665//
f 1665// 1675// 1676//
f 1665// 1676// 1188//
f 1188// 1676// 1677//
f 1188// 1677// 1189//
f 1678// 1184// 948//
f 948// 1184// 956//
f 1679// 1678// 936//
f 936// 1678// 948//
f 1179// 1679// 934//
f 934// 1679// 936//
f 1179// 1178// 1680//
f 1679// 1681// 1682//
f 1682// 1683// 1679//
f 1679// 1683// 1684//
f 1679// 1684// 1678//
f 1678// 1684// 1685//
f 1678// 1685// 1686//
f 1686// 1687// 1678//
f 1678// 1687// 1688//
f 1678// 1688// 1184//
f 1184// 1688// 1689//
f 1184// 1689// 1185//
f 1179// 1680// 1679//
f 1679// 1680// 1690//
f 1679// 1690// 1681//
f 1691// 1180// 935//
f 935// 1180// 933//
f 1692// 1691// 940//
f 940// 1691// 935//
f 1175// 1692// 938//
f 938// 1692// 940//
f 1175// 1174// 1693//
f 1692// 1694// 1695//
f 1695// 1696// 1692//
f 1692// 1696// 1697//
f 1692// 1697// 1691//
f 1691// 1697// 1698//
f 1691// 1698// 1699//
f 1699// 1700// 1691//
f 1691// 1700// 1701//
f 1691// 1701// 1180//
f 1180// 1701// 1702//
f 1180// 1702// 1181//
f 1175// 1693// 1692//
f 1692// 1693// 1703//
f 1692// 1703// 1694//
f 1321// 1704// 932//
f 932// 1704// 945//
f 1705// 1176// 939//
f 939// 1176// 937//
f 1704// 1705// 945//
f 945// 1705// 939//
f 1321// 1320// 1706//
f 1704// 1707// 1708//
f 1708// 1709// 1704//
f 1704// 1709// 1710//
f 1704// 1710// 1705//
f 1705// 1710// 1711//
f 1705// 1711// 1712//
f 1712// 1713// 1705//
f 1705// 1713// 1714//
f 1705// 1714// 1176//
f 1176// 1714// 1715//
f 1176// 1715// 1177//
f 1321// 1706// 1704//
f 1704// 1706// 1716//
f 1704// 1716// 1707//
f 1717// 1260// 1034//
f 1034// 1260// 1035//
f 1718// 1717// 1045//
f 1045// 1717// 1034//
f 1263// 1718// 1044//
f 1044// 1718// 1045//
f 1719// 1720// 1718//
f 1718// 1720// 1721//
f 1721// 1722// 1718//
f 1718// 1722// 1723//
f 1718// 1723// 1717//
f 1717// 1723// 1724//
f 1717// 1724// 1725//
f 1719// 1718// 1726//
f 1726// 1718// 1263//
f 1726// 1263// 1262//
f 1725// 1727// 1717//
f 1717// 1727// 1728//
f 1717// 1728// 1260//
f 1260// 1728// 1729//
f 1260// 1729// 1261//
f 1730// 1256// 1026//
f 1026// 1256// 1027//
f 1731// 1730// 1037//
f 1037// 1730// 1026//
f 1259// 1731// 1036//
f 1036// 1731// 1037//
f 1259// 1258// 1732//
f 1731// 1733// 1734//
f 1259// 1732// 1731//
f 1731// 1732// 1735//
f 1731// 1735// 1733//
f 1734// 1736// 1731//
f 1731// 1736// 1737//
f 1731// 1737// 1730//
f 1730// 1737// 1738//
f 1730// 1738// 1739//
f 1739// 1740// 1730//
f 1730// 1740// 1741//
f 1730// 1741// 1256//
f 1256// 1741// 1742//
f 1256// 1742// 1257//
f 1743// 1252// 1018//
f 1018// 1252// 1019//
f 1744// 1743// 1029//
f 1029// 1743// 1018//
f 1255// 1744// 1028//
f 1028// 1744// 1029//
f 1255// 1254// 1745//
f 1746// 1747// 1744//
f 1744// 1747// 1748//
f 1744// 1748// 1743//
f 1748// 1749// 1743//
f 1743// 1749// 1750//
f 1743// 1750// 1751//
f 1255// 1745// 1744//
f 1744// 1745// 1752//
f 1744// 1752// 1746//
f 1751// 1753// 1743//
f 1743// 1753// 1754//
f 1743// 1754// 1252//
f 1252// 1754// 1755//
f 1252// 1755// 1253//
f 1756// 1248// 1007//
f 1007// 1248// 1008//
f 1757// 1756// 1021//
f 1021// 1756// 1007//
f 1251// 1757// 1020//
f 1020// 1757// 1021//
f 1251// 1250// 1758//
f 1251// 1758// 1757//
f 1758// 1759// 1757//
f 1757// 1759// 1760//
f 1757// 1760// 1761//
f 1761// 1762// 1757//
f 1757// 1762// 1763//
f 1757// 1763// 1756//
f 1756// 1763// 1764//
f 1756// 1764// 1765//
f 1765// 1766// 1756//
f 1756// 1766// 1767//
f 1756// 1767// 1248//
f 1248// 1767// 1768//
f 1248// 1768// 1249//
f 1769// 1244// 941//
f 941// 1244// 942//
f 1013// 1770// 996//
f 996// 1770// 1769//
f 996// 1769// 941//
f 1247// 1770// 1009//
f 1009// 1770// 1013//
f 1771// 1772// 1770//
f 1770// 1772// 1773//
f 1773// 1774// 1770//
f 1770// 1774// 1775//
f 1770// 1775// 1769//
f 1769// 1775// 1776//
f 1769// 1776// 1777//
f 1771// 1770// 1778//
f 1778// 1770// 1247//
f 1778// 1247// 1246//
f 1777// 1779// 1769//
f 1769// 1779// 1780//
f 1769// 1780// 1244//
f 1244// 1780// 1781//
f 1244// 1781// 1245//
f 1782// 1240// 947//
f 947// 1240// 966//
f 1783// 1782// 946//
f 946// 1782// 947//
f 1243// 1783// 943//
f 943// 1783// 946//
f 1243// 1242// 1784//
f 1783// 1785// 1786//
f 1243// 1784// 1783//
f 1783// 1784// 1787//
f 1783// 1787// 1785//
f 1786// 1788// 1783//
f 1783// 1788// 1789//
f 1783// 1789// 1782//
f 1782// 1789// 1790//
f 1782// 1790// 1791//
f 1791// 1792// 1782//
f 1782// 1792// 1793//
f 1782// 1793// 1240//
f 1240// 1793// 1794//
f 1240// 1794// 1241//
f 1795// 1236// 957//
f 957// 1236// 958//
f 1796// 1795// 964//
f 964// 1795// 957//
f 1239// 1796// 965//
f 965// 1796// 964//
f 1239// 1238// 1797//
f 1239// 1797// 1796//
f 1797// 1798// 1796//
f 1796// 1798// 1799//
f 1796// 1799// 1800//
f 1800// 1801// 1796//
f 1796// 1801// 1802//
f 1796// 1802// 1795//
f 1795// 1802// 1803//
f 1795// 1803// 1804//
f 1804// 1805// 1795//
f 1795// 1805// 1806//
f 1795// 1806// 1236//
f 1236// 1806// 1807//
f 1236// 1807// 1237//
f 1808// 1232// 971//
f 971// 1232// 969//
f 1809// 1808// 963//
f 963// 1808// 971//
f 1235// 1809// 959//
f 959// 1809// 963//
f 1810// 1811// 1809//
f 1809// 1811// 1812//
f 1812// 1813// 1809//
f 1809// 1813// 1814//
f 1809// 1814// 1808//
f 1808// 1814// 1815//
f 1808// 1815// 1816//
f 1810// 1809// 1817//
f 1817// 1809// 1235//
f 1817// 1235// 1234//
f 1816// 1818// 1808//
f 1808// 1818// 1819//
f 1808// 1819// 1232//
f 1232// 1819// 1820//
f 1232// 1820// 1233//
f 1821// 1228// 944//
f 944// 1228// 930//
f 1822// 1821// 972//
f 972// 1821// 944//
f 1231// 1822// 970//
f 970// 1822// 972//
f 1823// 1824// 1822//
f 1822// 1824// 1825//
f 1825// 1826// 1822//
f 1822// 1826// 1827//
f 1822// 1827// 1821//
f 1821// 1827// 1828//
f 1821// 1828// 1829//
f 1823// 1822// 1830//
f 1830// 1822// 1231//
f 1830// 1231// 1230//
f 1829// 1831// 1821//
f 1821// 1831// 1832//
f 1821// 1832// 1228//
f 1228// 1832// 1833//
f 1228// 1833// 1229//
f 1230// 252// 1830//
f 1830// 252// 251//
f 1830// 251// 1823//
f 1823// 251// 268//
f 1823// 268// 1824//
f 1824// 268// 247//
f 1824// 247// 1825//
f 1825// 247// 246//
f 1825// 246// 1826//
f 1826// 246// 191//
f 1826// 191// 1827//
f 1827// 191// 193//
f 1827// 193// 1828//
f 1828// 193// 194//
f 1828// 194// 1829//
f 1829// 194// 173//
f 1829// 173// 1831//
f 1831// 173// 172//
f 1831// 172// 1832//
f 1832// 172// 210//
f 1832// 210// 1833//
f 1833// 210// 209//
f 1833// 209// 1229//
f 1229// 209// 224//
f 1234// 290// 1817//
f 1817// 290// 292//
f 1817// 292// 1810//
f 1810// 292// 278//
f 1810// 278// 1811//
f 1811// 278// 277//
f 1811// 277// 1812//
f 1812// 277// 242//
f 1812// 242// 1813//
f 1813// 242// 243//
f 1813// 243// 1814//
f 1814// 243// 244//
f 1814// 244// 1815//
f 1815// 244// 245//
f 1815// 245// 1816//
f 1816// 245// 270//
f 1816// 270// 1818//
f 1818// 270// 269//
f 1818// 269// 1819//
f 1819// 269// 267//
f 1819// 267// 1820//
f 1820// 267// 266//
f 1820// 266// 1233//
f 1233// 266// 253//
f 1238// 272// 1797//
f 1797// 272// 271//
f 1797// 271// 1798//
f 1798// 271// 256//
f 1798// 256// 1799//
f 1799// 256// 255//
f 1799// 255// 1800//
f 1800// 255// 254//
f 1800// 254// 1801//
f 1801// 254// 212//
f 1801// 212// 1802//
f 1802// 212// 211//
f 1802// 211// 1803//
f 1803// 211// 237//
f 1803// 237// 1804//
f 1804// 237// 279//
f 1804// 279// 1805//
f 1805// 279// 280//
f 1805// 280// 1806//
f 1806// 280// 294//
f 1806// 294// 1807//
f 1807// 294// 293//
f 1807// 293// 1237//
f 1237// 293// 291//
f 1242// 561// 1784//
f 1784// 561// 540//
f 1784// 540// 1787//
f 1787// 540// 564//
f 1787// 564// 1785//
f 1785// 564// 558//
f 1785// 558// 1786//
f 1786// 558// 559//
f 1786// 559// 1788//
f 1788// 559// 560//
f 1788// 560// 1789//
f 560// 535// 1789//
f 1789// 535// 534//
f 1789// 534// 1790//
f 1790// 534// 533//
f 1790// 533// 1791//
f 1791// 533// 284//
f 1791// 284// 1792//
f 1792// 284// 283//
f 1792// 283// 1793//
f 1793// 283// 282//
f 1793// 282// 1794//
f 1794// 282// 281//
f 1794// 281// 1241//
f 1241// 281// 273//
f 1246// 585// 1778//
f 1778// 585// 582//
f 1778// 582// 1771//
f 1771// 582// 581//
f 1771// 581// 1772//
f 1772// 581// 580//
f 1772// 580// 1773//
f 1773// 580// 579//
f 1773// 579// 1774//
f 1774// 579// 545//
f 1774// 545// 1775//
f 1775// 545// 544//
f 1775// 544// 1776//
f 1776// 544// 543//
f 1776// 543// 1777//
f 1777// 543// 565//
f 1777// 565// 1779//
f 1779// 565// 542//
f 1779// 542// 1780//
f 1780// 542// 541//
f 1780// 541// 1781//
f 1781// 541// 563//
f 1781// 563// 1245//
f 1245// 563// 562//
f 1250// 590// 1758//
f 1758// 590// 592//
f 1758// 592// 1759//
f 1759// 592// 575//
f 1759// 575// 1760//
f 1760// 575// 574//
f 1760// 574// 1761//
f 1761// 574// 584//
f 1761// 584// 1762//
f 1762// 584// 548//
f 1762// 548// 1763//
f 1763// 548// 577//
f 1763// 577// 1764//
f 1764// 577// 578//
f 1764// 578// 1765//
f 1765// 578// 583//
f 1765// 583// 1766//
f 1766// 583// 589//
f 1766// 589// 1767//
f 1767// 589// 588//
f 1767// 588// 1768//
f 1768// 588// 587//
f 1768// 587// 1249//
f 1249// 587// 586//
f 1254// 538// 1745//
f 1745// 538// 537//
f 1745// 537// 1752//
f 1752// 537// 569//
f 1752// 569// 1746//
f 1746// 569// 550//
f 1746// 550// 1747//
f 1747// 550// 549//
f 1747// 549// 1748//
f 1748// 549// 530//
f 1748// 530// 1749//
f 1749// 530// 529//
f 1749// 529// 1750//
f 1750// 529// 547//
f 1750// 547// 1751//
f 1751// 547// 546//
f 1751// 546// 1753//
f 1753// 546// 576//
f 1753// 576// 1754//
f 1754// 576// 594//
f 1754// 594// 1755//
f 1755// 594// 593//
f 1755// 593// 1253//
f 1253// 593// 591//
f 1258// 571// 1732//
f 1732// 571// 555//
f 1732// 555// 1735//
f 1735// 555// 554//
f 1735// 554// 1733//
f 1733// 554// 551//
f 1733// 551// 1734//
f 1734// 551// 553//
f 1734// 553// 1736//
f 1736// 553// 532//
f 1736// 532// 1737//
f 1737// 532// 531//
f 1737// 531// 1738//
f 1738// 531// 536//
f 1738// 536// 1739//
f 1739// 536// 570//
f 1739// 570// 1740//
f 1740// 570// 568//
f 1740// 568// 1741//
f 1741// 568// 567//
f 1741// 567// 1742//
f 1742// 567// 566//
f 1742// 566// 1257//
f 1257// 566// 539//
f 1262// 522// 1726//
f 1726// 522// 521//
f 1726// 521// 1719//
f 1719// 521// 526//
f 1719// 526// 1720//
f 1720// 526// 525//
f 1720// 525// 1721//
f 1721// 525// 524//
f 1721// 524// 1722//
f 1722// 524// 517//
f 1722// 517// 1723//
f 517// 516// 1723//
f 1723// 516// 5//
f 1723// 5// 1724//
f 1724// 5// 4//
f 1724// 4// 1725//
f 1725// 4// 557//
f 1725// 557// 1727//
f 1727// 557// 552//
f 1727// 552// 1728//
f 1728// 552// 556//
f 1728// 556// 1729//
f 1729// 556// 573//
f 1729// 573// 1261//
f 1261// 573// 572//
f 1320// 11// 1706//
f 1706// 11// 10//
f 1706// 10// 1716//
f 1716// 10// 165//
f 1716// 165// 1707//
f 1707// 165// 197//
f 1707// 197// 1708//
f 1708// 197// 196//
f 1708// 196// 1709//
f 1709// 196// 164//
f 1709// 164// 1710//
f 1710// 164// 163//
f 1710// 163// 1711//
f 1711// 163// 205//
f 1711// 205// 1712//
f 1712// 205// 233//
f 1712// 233// 1713//
f 1713// 233// 223//
f 1713// 223// 1714//
f 1714// 223// 222//
f 1714// 222// 1715//
f 1715// 222// 221//
f 1715// 221// 1177//
f 1177// 221// 190//
f 1174// 189// 1693//
f 1693// 189// 188//
f 1693// 188// 1703//
f 1703// 188// 234//
f 1703// 234// 1694//
f 1694// 234// 235//
f 1694// 235// 1695//
f 1695// 235// 236//
f 1695// 236// 1696//
f 1696// 236// 187//
f 1696// 187// 1697//
f 1697// 187// 186//
f 1697// 186// 1698//
f 1698// 186// 181//
f 1698// 181// 1699//
f 1699// 181// 220//
f 1699// 220// 1700//
f 1700// 220// 218//
f 1700// 218// 1701//
f 1701// 218// 217//
f 1701// 217// 1702//
f 1702// 217// 216//
f 1702// 216// 1181//
f 1181// 216// 184//
f 1178// 183// 1680//
f 1680// 183// 182//
f 1680// 182// 1690//
f 1690// 182// 219//
f 1690// 219// 1681//
f 1681// 219// 180//
f 1681// 180// 1682//
f 1682// 180// 179//
f 1682// 179// 1683//
f 1683// 179// 204//
f 1683// 204// 1684//
f 1684// 204// 178//
f 1684// 178// 1685//
f 1685// 178// 177//
f 1685// 177// 1686//
f 1686// 177// 241//
f 1686// 241// 1687//
f 1687// 241// 240//
f 1687// 240// 1688//
f 1688// 240// 239//
f 1688// 239// 1689//
f 1689// 239// 227//
f 1689// 227// 1185//
f 1185// 227// 263//
f 1182// 262// 1674//
f 1674// 262// 264//
f 1674// 264// 1667//
f 1667// 264// 265//
f 1667// 265// 1668//
f 1668// 265// 226//
f 1668// 226// 1669//
f 1669// 226// 225//
f 1669// 225// 1670//
f 1670// 225// 238//
f 1670// 238// 1671//
f 1671// 238// 228//
f 1671// 228// 1672//
f 1672// 228// 230//
f 1672// 230// 1673//
f 1673// 230// 289//
f 1673// 289// 1675//
f 1675// 289// 288//
f 1675// 288// 1676//
f 1676// 288// 286//
f 1676// 286// 1677//
f 1677// 286// 285//
f 1677// 285// 1189//
f 1189// 285// 276//
f 1186// 275// 1661//
f 1661// 275// 274//
f 1661// 274// 1654//
f 1654// 274// 287//
f 1654// 287// 1655//
f 1655// 287// 232//
f 1655// 232// 1656//
f 1656// 232// 231//
f 1656// 231// 1657//
f 1657// 231// 229//
f 1657// 229// 1658//
f 1658// 229// 215//
f 1658// 215// 1659//
f 1659// 215// 176//
f 1659// 176// 1660//
f 1660// 176// 261//
f 1660// 261// 1662//
f 1662// 261// 260//
f 1662// 260// 1663//
f 1663// 260// 258//
f 1663// 258// 1664//
f 1664// 258// 257//
f 1664// 257// 1193//
f 1193// 257// 250//
f 1190// 249// 1648//
f 1648// 249// 248//
f 1648// 248// 1641//
f 1641// 248// 259//
f 1641// 259// 1642//
f 1642// 259// 175//
f 1642// 175// 1643//
f 1643// 175// 174//
f 1643// 174// 1644//
f 1644// 174// 170//
f 1644// 170// 1645//
f 1645// 170// 169//
f 1645// 169// 1646//
f 1646// 169// 167//
f 1646// 167// 1647//
f 1647// 167// 166//
f 1647// 166// 1649//
f 1649// 166// 200//
f 1649// 200// 1650//
f 1650// 200// 199//
f 1650// 199// 1651//
f 1651// 199// 214//
f 1651// 214// 1197//
f 1197// 214// 203//
f 1194// 202// 1628//
f 1628// 202// 201//
f 1628// 201// 1631//
f 201// 213// 1631//
f 1631// 213// 198//
f 1631// 198// 1629//
f 1629// 198// 320//
f 1629// 320// 1630//
f 1630// 320// 319//
f 1630// 319// 1632//
f 1632// 319// 316//
f 1632// 316// 1633//
f 1633// 316// 317//
f 1633// 317// 1634//
f 1634// 317// 318//
f 1634// 318// 1635//
f 1635// 318// 365//
f 1635// 365// 1636//
f 1636// 365// 364//
f 1636// 364// 1637//
f 1637// 364// 363//
f 1637// 363// 1638//
f 1638// 363// 344//
f 1638// 344// 1201//
f 1201// 344// 360//
f 1198// 359// 1615//
f 1615// 359// 361//
f 1615// 361// 1618//
f 1618// 361// 362//
f 1618// 362// 1616//
f 1616// 362// 343//
f 1616// 343// 1617//
f 1617// 343// 345//
f 1617// 345// 1619//
f 1619// 345// 346//
f 1619// 346// 1620//
f 1620// 346// 373//
f 1620// 373// 1621//
f 1621// 373// 372//
f 1621// 372// 1622//
f 1622// 372// 371//
f 1622// 371// 1623//
f 1623// 371// 358//
f 1623// 358// 1624//
f 1624// 358// 357//
f 1624// 357// 1625//
f 1625// 357// 384//
f 1625// 384// 1205//
f 1205// 384// 388//
f 1202// 387// 1602//
f 1602// 387// 389//
f 1602// 389// 1603//
f 1603// 389// 390//
f 1603// 390// 1604//
f 1604// 390// 386//
f 1604// 386// 1605//
f 1605// 386// 385//
f 1605// 385// 1606//
f 1606// 385// 315//
f 1606// 315// 1607//
f 1607// 315// 314//
f 1607// 314// 1608//
f 1608// 314// 337//
f 1608// 337// 1609//
f 1609// 337// 370//
f 1609// 370// 1610//
f 1610// 370// 368//
f 1610// 368// 1611//
f 1611// 368// 367//
f 1611// 367// 1612//
f 1612// 367// 366//
f 1612// 366// 1209//
f 1209// 366// 342//
f 1206// 341// 1589//
f 1589// 341// 340//
f 1589// 340// 1590//
f 1590// 340// 369//
f 1590// 369// 1591//
f 1591// 369// 336//
f 1591// 336// 1592//
f 1592// 336// 338//
f 1592// 338// 1593//
f 1593// 338// 339//
f 1593// 339// 1594//
f 1594// 339// 350//
f 1594// 350// 1595//
f 1595// 350// 351//
f 1595// 351// 1596//
f 1596// 351// 383//
f 1596// 383// 1597//
f 1597// 383// 381//
f 1597// 381// 1598//
f 1598// 381// 380//
f 1598// 380// 1599//
f 1599// 380// 379//
f 1599// 379// 1213//
f 1213// 379// 356//
f 1210// 355// 1576//
f 1576// 355// 354//
f 1576// 354// 1577//
f 1577// 354// 382//
f 1577// 382// 1578//
f 1578// 382// 353//
f 1578// 353// 1579//
f 1579// 353// 352//
f 1579// 352// 1580//
f 1580// 352// 304//
f 1580// 304// 1581//
f 1581// 304// 303//
f 1581// 303// 1582//
f 1582// 303// 331//
f 1582// 331// 1583//
f 1583// 331// 378//
f 1583// 378// 1584//
f 1584// 378// 376//
f 1584// 376// 1585//
f 1585// 376// 375//
f 1585// 375// 1586//
f 1586// 375// 374//
f 1586// 374// 1217//
f 1217// 374// 349//
f 1214// 348// 1563//
f 1563// 348// 347//
f 1563// 347// 1567//
f 1567// 347// 377//
f 1567// 377// 1564//
f 1564// 377// 330//
f 1564// 330// 1565//
f 1565// 330// 332//
f 1565// 332// 1566//
f 1566// 332// 333//
f 1566// 333// 1568//
f 1568// 333// 335//
f 1568// 335// 1569//
f 1569// 335// 334//
f 1569// 334// 1570//
f 1570// 334// 313//
f 1570// 313// 1571//
f 1571// 313// 312//
f 1571// 312// 1572//
f 1572// 312// 311//
f 1572// 311// 1573//
f 1573// 311// 309//
f 1573// 309// 1221//
f 1221// 309// 327//
f 1218// 326// 1550//
f 1550// 326// 328//
f 1550// 328// 1557//
f 1557// 328// 329//
f 1557// 329// 1551//
f 1551// 329// 308//
f 1551// 308// 1552//
f 1552// 308// 310//
f 1552// 310// 1553//
f 1553// 310// 298//
f 1553// 298// 1554//
f 1554// 298// 302//
f 1554// 302// 1555//
f 1555// 302// 297//
f 1555// 297// 1556//
f 1556// 297// 325//
f 1556// 325// 1558//
f 1558// 325// 324//
f 1558// 324// 1559//
f 1559// 324// 322//
f 1559// 322// 1560//
f 1560// 322// 321//
f 1560// 321// 1225//
f 1225// 321// 307//
f 1222// 306// 1544//
f 1544// 306// 305//
f 1544// 305// 1537//
f 1537// 305// 323//
f 1537// 323// 1538//
f 1538// 323// 296//
f 1538// 296// 1539//
f 296// 295// 1539//
f 1539// 295// 301//
f 1539// 301// 1540//
f 1540// 301// 300//
f 1540// 300// 1541//
f 1541// 300// 397//
f 1541// 397// 1542//
f 1542// 397// 396//
f 1542// 396// 1543//
f 1543// 396// 395//
f 1543// 395// 1545//
f 1545// 395// 392//
f 1545// 392// 1546//
f 1546// 392// 391//
f 1546// 391// 1547//
f 1547// 391// 394//
f 1547// 394// 1227//
f 1227// 394// 618//
f 1324// 8// 1526//
f 1526// 8// 7//
f 1526// 7// 1523//
f 1523// 7// 404//
f 1523// 404// 1524//
f 1524// 404// 403//
f 1524// 403// 1527//
f 1527// 403// 402//
f 1527// 402// 1528//
f 1528// 402// 401//
f 1528// 401// 1525//
f 1525// 401// 400//
f 1525// 400// 1529//
f 1529// 400// 399//
f 1529// 399// 1530//
f 399// 398// 1530//
f 1530// 398// 68//
f 1530// 68// 1531//
f 1531// 68// 70//
f 1531// 70// 1532//
f 1532// 70// 71//
f 1532// 71// 1533//
f 1533// 71// 82//
f 1533// 82// 1534//
f 1534// 82// 83//
f 1534// 83// 1269//
f 1269// 83// 93//
f 1266// 92// 1512//
f 1512// 92// 94//
f 1512// 94// 1509//
f 1509// 94// 95//
f 1509// 95// 1510//
f 1510// 95// 75//
f 1510// 75// 1513//
f 1513// 75// 74//
f 1513// 74// 1514//
f 1514// 74// 73//
f 1514// 73// 1511//
f 1511// 73// 72//
f 1511// 72// 1515//
f 1515// 72// 56//
f 1515// 56// 1516//
f 1516// 56// 55//
f 1516// 55// 1517//
f 1517// 55// 67//
f 1517// 67// 1518//
f 1518// 67// 66//
f 1518// 66// 1519//
f 1519// 66// 65//
f 1519// 65// 1520//
f 1520// 65// 60//
f 1520// 60// 1273//
f 1273// 60// 59//
f 1270// 58// 1498//
f 1498// 58// 107//
f 1498// 107// 1496//
f 1496// 107// 90//
f 1496// 90// 1497//
f 1497// 90// 89//
f 1497// 89// 1499//
f 1499// 89// 105//
f 1499// 105// 1500//
f 1500// 105// 114//
f 1500// 114// 1495//
f 1495// 114// 81//
f 1495// 81// 1501//
f 1501// 81// 80//
f 1501// 80// 1502//
f 1502// 80// 147//
f 1502// 147// 1503//
f 1503// 147// 146//
f 1503// 146// 1504//
f 1504// 146// 144//
f 1504// 144// 1505//
f 1505// 144// 143//
f 1505// 143// 1506//
f 1506// 143// 132//
f 1506// 132// 1277//
f 1277// 132// 153//
f 1274// 152// 1486//
f 1486// 152// 154//
f 1486// 154// 1481//
f 1481// 154// 155//
f 1481// 155// 1482//
f 1482// 155// 131//
f 1482// 131// 1483//
f 1483// 131// 130//
f 1483// 130// 1487//
f 1487// 130// 151//
f 1487// 151// 1488//
f 1488// 151// 145//
f 1488// 145// 1489//
f 1489// 145// 158//
f 1489// 158// 1484//
f 1484// 158// 157//
f 1484// 157// 1485//
f 1485// 157// 156//
f 1485// 156// 1490//
f 1490// 156// 149//
f 1490// 149// 1491//
f 1491// 149// 148//
f 1491// 148// 1492//
f 1492// 148// 161//
f 1492// 161// 1281//
f 1281// 161// 160//
f 1278// 159// 1467//
f 1467// 159// 150//
f 1467// 150// 1468//
f 1468// 150// 129//
f 1468// 129// 1469//
f 1469// 129// 128//
f 1469// 128// 1470//
f 1470// 128// 127//
f 1470// 127// 1473//
f 1473// 127// 126//
f 1473// 126// 1474//
f 1474// 126// 142//
f 1474// 142// 1475//
f 1475// 142// 141//
f 1475// 141// 1471//
f 1471// 141// 140//
f 1471// 140// 1472//
f 1472// 140// 110//
f 1472// 110// 1476//
f 1476// 110// 109//
f 1476// 109// 1477//
f 1477// 109// 108//
f 1477// 108// 1478//
f 1478// 108// 113//
f 1478// 113// 1285//
f 1285// 113// 137//
f 1282// 136// 1453//
f 1453// 136// 138//
f 1453// 138// 1454//
f 1454// 138// 139//
f 1454// 139// 1455//
f 1455// 139// 112//
f 1455// 112// 1456//
f 1456// 112// 111//
f 1456// 111// 1459//
f 1459// 111// 125//
f 1459// 125// 1460//
f 1460// 125// 103//
f 1460// 103// 1461//
f 1461// 103// 104//
f 1461// 104// 1457//
f 1457// 104// 120//
f 1457// 120// 1458//
f 1458// 120// 121//
f 1458// 121// 1462//
f 1462// 121// 135//
f 1462// 135// 1463//
f 1463// 135// 134//
f 1463// 134// 1464//
f 1464// 134// 133//
f 1464// 133// 1289//
f 1289// 133// 124//
f 1286// 123// 1442//
f 1442// 123// 122//
f 1442// 122// 1440//
f 1440// 122// 119//
f 1440// 119// 1441//
f 1441// 119// 118//
f 1441// 118// 1443//
f 1443// 118// 117//
f 1443// 117// 1444//
f 1444// 117// 116//
f 1444// 116// 1439//
f 1439// 116// 115//
f 1439// 115// 1445//
f 1445// 115// 88//
f 1445// 88// 1446//
f 1446// 88// 87//
f 1446// 87// 1447//
f 1447// 87// 85//
f 1447// 85// 1448//
f 1448// 85// 84//
f 1448// 84// 1449//
f 1449// 84// 102//
f 1449// 102// 1450//
f 1450// 102// 101//
f 1450// 101// 1293//
f 1293// 101// 99//
f 1290// 98// 1428//
f 1428// 98// 100//
f 1428// 100// 1426//
f 1426// 100// 86//
f 1426// 86// 1427//
f 1427// 86// 97//
f 1427// 97// 1429//
f 1429// 97// 96//
f 1429// 96// 1430//
f 1430// 96// 78//
f 1430// 78// 1425//
f 1425// 78// 77//
f 1425// 77// 1431//
f 1431// 77// 76//
f 1431// 76// 1432//
f 1432// 76// 64//
f 1432// 64// 1433//
f 64// 63// 1433//
f 1433// 63// 494//
f 1433// 494// 1434//
f 1434// 494// 408//
f 1434// 408// 1435//
f 1435// 408// 406//
f 1435// 406// 1436//
f 1436// 406// 405//
f 1436// 405// 1297//
f 1297// 405// 418//
f 1294// 417// 1414//
f 1414// 417// 419//
f 1414// 419// 1411//
f 1411// 419// 420//
f 1411// 420// 1412//
f 1412// 420// 407//
f 1412// 407// 1415//
f 1415// 407// 409//
f 1415// 409// 1416//
f 1416// 409// 495//
f 1416// 495// 1413//
f 1413// 495// 493//
f 1413// 493// 1417//
f 1417// 493// 492//
f 1417// 492// 1418//
f 1418// 492// 491//
f 1418// 491// 1419//
f 1419// 491// 490//
f 1419// 490// 1420//
f 1420// 490// 487//
f 1420// 487// 1421//
f 1421// 487// 488//
f 1421// 488// 1422//
f 1422// 488// 489//
f 1422// 489// 1301//
f 1301// 489// 497//
f 1298// 496// 1400//
f 1400// 496// 498//
f 1400// 498// 1397//
f 1397// 498// 499//
f 1397// 499// 1398//
f 1398// 499// 486//
f 1398// 486// 1401//
f 1401// 486// 485//
f 1401// 485// 1402//
f 1402// 485// 484//
f 1402// 484// 1399//
f 1399// 484// 475//
f 1399// 475// 1403//
f 1403// 475// 474//
f 1403// 474// 1404//
f 1404// 474// 478//
f 1404// 478// 1405//
f 1405// 478// 477//
f 1405// 477// 1406//
f 1406// 477// 476//
f 1406// 476// 1407//
f 1407// 476// 473//
f 1407// 473// 1408//
f 1408// 473// 472//
f 1408// 472// 1305//
f 1305// 472// 481//
f 1302// 480// 1386//
f 1386// 480// 482//
f 1386// 482// 1383//
f 1383// 482// 483//
f 1383// 483// 1384//
f 1384// 483// 471//
f 1384// 471// 1387//
f 1387// 471// 479//
f 1387// 479// 1388//
f 1388// 479// 467//
f 1388// 467// 1385//
f 1385// 467// 466//
f 1385// 466// 1389//
f 1389// 466// 465//
f 1389// 465// 1390//
f 1390// 465// 470//
f 1390// 470// 1391//
f 1391// 470// 446//
f 1391// 446// 1392//
f 1392// 446// 445//
f 1392// 445// 1393//
f 1393// 445// 444//
f 1393// 444// 1394//
f 1394// 444// 443//
f 1394// 443// 1309//
f 1309// 443// 441//
f 1306// 440// 1370//
f 1370// 440// 442//
f 1370// 442// 1374//
f 1374// 442// 469//
f 1374// 469// 1371//
f 1371// 469// 468//
f 1371// 468// 1372//
f 1372// 468// 458//
f 1372// 458// 1373//
f 1373// 458// 457//
f 1373// 457// 1369//
f 1369// 457// 456//
f 1369// 456// 1375//
f 1375// 456// 430//
f 1375// 430// 1376//
f 1376// 430// 429//
f 1376// 429// 1377//
f 1377// 429// 428//
f 1377// 428// 1378//
f 1378// 428// 411//
f 1378// 411// 1379//
f 1379// 411// 410//
f 1379// 410// 1380//
f 1380// 410// 449//
f 1380// 449// 1313//
f 1313// 449// 448//
f 1310// 447// 1356//
f 1356// 447// 412//
f 1356// 412// 1360//
f 1360// 412// 464//
f 1360// 464// 1357//
f 1357// 464// 463//
f 1357// 463// 1358//
f 1358// 463// 462//
f 1358// 462// 1359//
f 1359// 462// 454//
f 1359// 454// 1355//
f 1355// 454// 455//
f 1355// 455// 1361//
f 1361// 455// 438//
f 1361// 438// 1362//
f 1362// 438// 437//
f 1362// 437// 1363//
f 1363// 437// 416//
f 1363// 416// 1364//
f 1364// 416// 414//
f 1364// 414// 1365//
f 1365// 414// 413//
f 1365// 413// 1366//
f 1366// 413// 433//
f 1366// 433// 1317//
f 1317// 433// 432//
f 1322// 506// 1349//
f 1349// 506// 500//
f 1349// 500// 1342//
f 500// 502// 1342//
f 1342// 502// 504//
f 1342// 504// 1343//
f 1343// 504// 515//
f 1343// 515// 1344//
f 1344// 515// 510//
f 1344// 510// 1345//
f 1345// 510// 509//
f 1345// 509// 1346//
f 509// 511// 1346//
f 1346// 511// 513//
f 1346// 513// 1347//
f 1347// 513// 520//
f 1347// 520// 1348//
f 1348// 520// 519//
f 1348// 519// 1350//
f 1350// 519// 518//
f 1350// 518// 1351//
f 1351// 518// 527//
f 1351// 527// 1352//
f 1352// 527// 528//
f 1352// 528// 1265//
f 1265// 528// 523//
f 1314// 431// 1329//
f 1329// 431// 415//
f 1329// 415// 1333//
f 1333// 415// 439//
f 1333// 439// 1330//
f 1330// 439// 461//
f 1330// 461// 1331//
f 1331// 461// 460//
f 1331// 460// 1332//
f 1332// 460// 459//
f 1332// 459// 1328//
f 1328// 459// 427//
f 1328// 427// 1334//
f 1334// 427// 425//
f 1334// 425// 1335//
f 1335// 425// 424//
f 1335// 424// 1336//
f 1336// 424// 436//
f 1336// 436// 1337//
f 1337// 436// 422//
f 1337// 422// 1338//
f 1338// 422// 421//
f 1338// 421// 1339//
f 1339// 421// 450//
f 1339// 450// 1319//
f 1319// 450// 452//
usemtl 4
f 1834// 1835// 1836//
f 1836// 1835// 1837//
f 1838// 1839// 1834//
f 1834// 1839// 1840//
f 1834// 1840// 1835//
f 1835// 1840// 1841//
f 1838// 1842// 1839//
f 1839// 1842// 1843//
f 1839// 1843// 1844//
f 1844// 1843// 1845//
f 1844// 1845// 1846//
f 1846// 1847// 1844//
f 1844// 1847// 1836//
f 1844// 1836// 1848//
f 1848// 1836// 1837//
f 1848// 1837// 1849//
f 1837// 1150// 1849//
f 1849// 1150// 1141//
f 1835// 1149// 1837//
f 1837// 1149// 1150//
f 1841// 1148// 1835//
f 1835// 1148// 1149//
f 1840// 1133// 1841//
f 1841// 1133// 1148//
f 1839// 1136// 1840//
f 1840// 1136// 1133//
f 1844// 1137// 1839//
f 1839// 1137// 1136//
f 1848// 1142// 1844//
f 1844// 1142// 1137//
f 1848// 1849// 1142//
f 1142// 1849// 1141//
f 1850// 1847// 1846//
f 1850// 1846// 1851//
f 1851// 1846// 1845//
f 1851// 1845// 1852//
f 1843// 1853// 1845//
f 1845// 1853// 1852//
f 1853// 1843// 1842//
f 1853// 1842// 1854//
f 1854// 1842// 1838//
f 1854// 1838// 1855//
f 1834// 1856// 1838//
f 1838// 1856// 1855//
f 1836// 1857// 1834//
f 1834// 1857// 1856//
f 1850// 1857// 1847//
f 1847// 1857// 1836//
f 1858// 1155// 1859//
f 1859// 1155// 1154//
f 1155// 1858// 1860//
f 1155// 1860// 1162//
f 1162// 1860// 1861//
f 1162// 1861// 1163//
f 1163// 1861// 1862//
f 1163// 1862// 1164//
f 1164// 1862// 1863//
f 1164// 1863// 1156//
f 1156// 1863// 1864//
f 1156// 1864// 1157//
f 1157// 1864// 1865//
f 1157// 1865// 1158//
f 1158// 1865// 1866//
f 1158// 1866// 1165//
f 1165// 1866// 1867//
f 1165// 1867// 1166//
f 1166// 1867// 1868//
f 1166// 1868// 1167//
f 1167// 1868// 1869//
f 1167// 1869// 1134//
f 1134// 1869// 1870//
f 1134// 1870// 1135//
f 1135// 1870// 1871//
f 1135// 1871// 1138//
f 1138// 1871// 1872//
f 1138// 1872// 1139//
f 1139// 1872// 1873//
f 1139// 1873// 1140//
f 1140// 1873// 1874//
f 1140// 1874// 1147//
f 1875// 1153// 1874//
f 1874// 1153// 1147//
f 1875// 1859// 1153//
f 1153// 1859// 1154//
f 1865// 1864// 1876//
f 1876// 1864// 1863//
f 1876// 1863// 1877//
f 1877// 1863// 1862//
f 1877// 1862// 1878//
f 1878// 1862// 1861//
f 1878// 1861// 1879//
f 1879// 1861// 1860//
f 1879// 1860// 1880//
f 1880// 1860// 1858//
f 1880// 1858// 1881//
f 1881// 1858// 1859//
f 1881// 1859// 1882//
f 1882// 1859// 1875//
f 1882// 1875// 1883//
f 1883// 1875// 1874//
f 1883// 1874// 1884//
f 1884// 1874// 1873//
f 1884// 1873// 1885//
f 1885// 1873// 1872//
f 1885// 1872// 1886//
f 1886// 1872// 1871//
f 1886// 1871// 1887//
f 1887// 1871// 1870//
f 1887// 1870// 1888//
f 1888// 1870// 1869//
f 1888// 1869// 1889//
f 1889// 1869// 1868//
f 1889// 1868// 1890//
f 1890// 1868// 1867//
f 1890// 1867// 1891//
f 1891// 1867// 1866//
f 1891// 1866// 1892//
f 1892// 1866// 1865//
f 1892// 1865// 1876//
f 1883// 1893// 1882//
f 1882// 1893// 1894//
f 1893// 1883// 1884//
f 1893// 1884// 1895//
f 1895// 1884// 1885//
f 1895// 1885// 1896//
f 1896// 1885// 1886//
f 1896// 1886// 1897//
f 1897// 1886// 1887//
f 1897// 1887// 1898//
f 1898// 1887// 1888//
f 1898// 1888// 1899//
f 1899// 1888// 1889//
f 1899// 1889// 1900//
f 1900// 1889// 1890//
f 1900// 1890// 1901//
f 1901// 1890// 1891//
f 1901// 1891// 1902//
f 1902// 1891// 1892//
f 1902// 1892// 1903//
f 1903// 1892// 1876//
f 1903// 1876// 1904//
f 1904// 1876// 1877//
f 1904// 1877// 1905//
f 1905// 1877// 1878//
f 1905// 1878// 1906//
f 1906// 1878// 1879//
f 1906// 1879// 1907//
f 1907// 1879// 1880//
f 1907// 1880// 1908//
f 1881// 1909// 1880//
f 1880// 1909// 1908//
f 1894// 1909// 1882//
f 1882// 1909// 1881//
f 1910// 1062// 1911//
f 1911// 1062// 1060//
f 1912// 1086// 1910//
f 1910// 1086// 1062//
f 1913// 1068// 1912//
f 1912// 1068// 1086//
f 1914// 1069// 1913//
f 1913// 1069// 1068//
f 1915// 1070// 1914//
f 1914// 1070// 1069//
f 1916// 1071// 1915//
f 1915// 1071// 1070//
f 1917// 1072// 1916//
f 1916// 1072// 1071//
f 1918// 1076// 1917//
f 1917// 1076// 1072//
f 1919// 1077// 1918//
f 1918// 1077// 1076//
f 1920// 1078// 1919//
f 1919// 1078// 1077//
f 1921// 1079// 1920//
f 1920// 1079// 1078//
f 1921// 1911// 1079//
f 1079// 1911// 1060//
f 1911// 1921// 1920//
f 1920// 1919// 1911//
f 1911// 1919// 1918//
f 1911// 1918// 1910//
f 1913// 1912// 1914//
f 1914// 1912// 1910//
f 1914// 1910// 1915//
f 1915// 1910// 1918//
f 1915// 1918// 1916//
f 1916// 1918// 1917//
f 997// 1922// 1117//
f 1117// 1922// 1923//
f 1117// 1923// 1116//
f 1116// 1923// 1924//
f 1116// 1924// 1114//
f 1114// 1924// 1925//
f 1114// 1925// 1118//
f 1118// 1925// 1926//
f 1118// 1926// 1119//
f 1119// 1926// 1927//
f 1119// 1927// 1120//
f 1120// 1927// 1928//
f 1120// 1928// 1121//
f 1121// 1928// 1929//
f 1121// 1929// 1125//
f 1125// 1929// 1930//
f 1125// 1930// 1126//
f 1126// 1930// 1931//
f 1126// 1931// 1127//
f 1127// 1931// 1932//
f 1127// 1932// 1108//
f 1108// 1932// 1933//
f 1108// 1933// 1109//
f 1109// 1933// 1934//
f 1109// 1934// 1122//
f 1122// 1934// 1935//
f 1122// 1935// 1123//
f 1123// 1935// 1936//
f 1123// 1936// 1124//
f 1124// 1936// 1937//
f 1124// 1937// 1128//
f 1128// 1937// 1938//
f 1128// 1938// 1129//
f 1939// 1130// 1938//
f 1938// 1130// 1129//
f 1130// 1939// 1940//
f 1130// 1940// 1131//
f 1131// 1940// 1941//
f 1131// 1941// 1132//
f 1132// 1941// 1942//
f 1132// 1942// 1089//
f 1089// 1942// 1943//
f 1089// 1943// 1090//
f 1090// 1943// 1944//
f 1090// 1944// 1092//
f 1092// 1944// 1945//
f 1092// 1945// 1093//
f 1093// 1945// 1946//
f 1093// 1946// 1106//
f 1106// 1946// 1947//
f 1106// 1947// 1107//
f 1107// 1947// 1948//
f 1107// 1948// 1094//
f 1094// 1948// 1949//
f 1094// 1949// 1095//
f 1095// 1949// 1950//
f 1095// 1950// 1096//
f 1096// 1950// 1951//
f 1096// 1951// 1101//
f 1101// 1951// 1952//
f 1101// 1952// 1100//
f 1100// 1952// 1953//
f 1100// 1953// 1099//
f 1099// 1953// 1954//
f 1099// 1954// 1097//
f 1097// 1954// 1955//
f 1097// 1955// 1098//
f 1098// 1955// 1956//
f 1098// 1956// 1102//
f 1102// 1956// 1957//
f 1102// 1957// 1091//
f 1091// 1957// 1958//
f 1091// 1958// 1061//
f 1959// 1059// 1958//
f 1958// 1059// 1061//
f 1063// 1059// 1960//
f 1960// 1059// 1959//
f 1063// 1960// 994//
f 994// 1960// 1961//
f 994// 1961// 995//
f 995// 1961// 1922//
f 995// 1922// 997//
f 1954// 1922// 1955//
f 1955// 1922// 1961//
f 1955// 1961// 1956//
f 1956// 1961// 1960//
f 1956// 1960// 1957//
f 1957// 1960// 1959//
f 1957// 1959// 1958//
f 1939// 1938// 1940//
f 1940// 1938// 1937//
f 1940// 1937// 1941//
f 1941// 1937// 1936//
f 1941// 1936// 1942//
f 1942// 1936// 1935//
f 1942// 1935// 1943//
f 1943// 1935// 1934//
f 1943// 1934// 1944//
f 1944// 1934// 1933//
f 1944// 1933// 1945//
f 1945// 1933// 1932//
f 1945// 1932// 1946//
f 1946// 1932// 1931//
f 1946// 1931// 1947//
f 1947// 1931// 1930//
f 1947// 1930// 1948//
f 1948// 1930// 1929//
f 1948// 1929// 1949//
f 1949// 1929// 1928//
f 1949// 1928// 1950//
f 1950// 1928// 1927//
f 1950// 1927// 1951//
f 1951// 1927// 1926//
f 1951// 1926// 1952//
f 1952// 1926// 1925//
f 1952// 1925// 1953//
f 1953// 1925// 1924//
f 1953// 1924// 1954//
f 1954// 1924// 1923//
f 1954// 1923// 1922//
f 1962// 1083// 1963//
f 1963// 1083// 1084//
f 1964// 1082// 1962//
f 1962// 1082// 1083//
f 1965// 1080// 1964//
f 1964// 1080// 1082//
f 1966// 1081// 1965//
f 1965// 1081// 1080//
f 1967// 1115// 1966//
f 1966// 1115// 1081//
f 1967// 1963// 1115//
f 1115// 1963// 1084//
f 1964// 1962// 1965//
f 1965// 1962// 1963//
f 1965// 1963// 1966//
f 1966// 1963// 1967//
usemtl 1
f 1856// 1857// 1855//
f 1855// 1857// 1850//
f 1855// 1850// 1854//
f 1854// 1850// 1851//
f 1854// 1851// 1853//
f 1853// 1851// 1852//
f 1909// 1894// 1908//
f 1908// 1894// 1893//
f 1908// 1893// 1895//
f 1901// 1902// 1908//
f 1908// 1902// 1903//
f 1908// 1903// 1907//
f 1895// 1896// 1908//
f 1908// 1896// 1897//
f 1908// 1897// 1898//
f 1898// 1899// 1908//
f 1908// 1899// 1900//
f 1908// 1900// 1901//
f 1904// 1905// 1903//
f 1903// 1905// 1906//
f 1903// 1906// 1907//
usemtl 5
f 1968// 623// 1969//
f 1969// 623// 630//
f 1969// 630// 629//
f 1970// 1969// 628//
f 628// 1969// 629//
f 625// 1971// 627//
f 627// 1971// 1970//
f 627// 1970// 628//
f 1968// 1971// 623//
f 623// 1971// 625//
f 1970// 1971// 1969//
f 1969// 1971// 1968//
f 1972// 1973// 43//
f 43// 1973// 41//
f 57// 1974// 40//
f 40// 1974// 1972//
f 40// 1972// 43//
f 1975// 1974// 69//
f 69// 1974// 57//
f 41// 1973// 37//
f 37// 1973// 1975//
f 37// 1975// 69//
f 1974// 1975// 1972//
f 1972// 1975// 1973//
f 1976// 52// 1977//
f 1977// 52// 51//
f 1977// 51// 54//
f 36// 1978// 42//
f 42// 1978// 1977//
f 42// 1977// 54//
f 49// 1979// 35//
f 35// 1979// 1978//
f 35// 1978// 36//
f 1979// 49// 1976//
f 1976// 49// 50//
f 1976// 50// 52//
f 1978// 1979// 1977//
f 1977// 1979// 1976//
f 1980// 1981// 634//
f 634// 1981// 27//
f 33// 1982// 633//
f 633// 1982// 1980//
f 633// 1980// 634//
f 1983// 1982// 30//
f 30// 1982// 33//
f 27// 1981// 28//
f 28// 1981// 1983//
f 28// 1983// 30//
f 1982// 1983// 1980//
f 1980// 1983// 1981//
f 1984// 1985// 16//
f 16// 1985// 601//
f 1986// 1984// 14//
f 14// 1984// 16//
f 1986// 14// 1987//
f 1987// 14// 13//
f 1987// 13// 18//
f 1987// 18// 1985//
f 1985// 18// 17//
f 1985// 17// 601//
f 1986// 1987// 1984//
f 1984// 1987// 1985//
usemtl 3
f 1988// 1989// 224//
f 224// 1989// 1990//
f 1989// 1991// 1990//
f 1990// 1991// 1992//
f 252// 1993// 1994//
f 1994// 1993// 1995//
f 1996// 1995// 1997//
f 1997// 1995// 1993//
f 1991// 1996// 1992//
f 1992// 1996// 1997//
f 1998// 1994// 1995//
f 1999// 1996// 2000//
f 2000// 1996// 2001//
f 2002// 2003// 1991//
f 1991// 2003// 2004//
f 1991// 2004// 2005//
f 2005// 2006// 1991//
f 1991// 2006// 2007//
f 1991// 2007// 2008//
f 1999// 2009// 1996//
f 1996// 2009// 2010//
f 1996// 2010// 2011//
f 1988// 2012// 1989//
f 1989// 2012// 2013//
f 1989// 2013// 1991//
f 1991// 2013// 2014//
f 1991// 2014// 2002//
f 2008// 2015// 1991//
f 1991// 2015// 2016//
f 1991// 2016// 1996//
f 1996// 2016// 2017//
f 1996// 2017// 2001//
f 2011// 2018// 1996//
f 1996// 2018// 2019//
f 1996// 2019// 1995//
f 1995// 2019// 2020//
f 1995// 2020// 1998//
f 2021// 224// 1990//
f 194// 2022// 1992//
f 2023// 246// 1997//
f 1997// 246// 2024//
f 1997// 2024// 191//
f 1992// 172// 2025//
f 2022// 173// 1992//
f 1992// 173// 2026//
f 1992// 2026// 172//
f 268// 2027// 1997//
f 1997// 2027// 247//
f 1997// 247// 2023//
f 252// 2028// 1993//
f 1993// 2028// 251//
f 1993// 251// 1997//
f 1997// 251// 2029//
f 1997// 2029// 268//
f 191// 2030// 1997//
f 1997// 2030// 193//
f 1997// 193// 1992//
f 1992// 193// 2031//
f 1992// 2031// 194//
f 2025// 210// 1992//
f 1992// 210// 2032//
f 1992// 2032// 1990//
f 1990// 2032// 209//
f 1990// 209// 2021//
f 252// 1994// 2028//
f 2028// 1994// 1998//
f 2028// 1998// 251//
f 251// 1998// 2020//
f 251// 2020// 2029//
f 2029// 2020// 2019//
f 2029// 2019// 268//
f 268// 2019// 2018//
f 268// 2018// 2027//
f 2027// 2018// 2011//
f 2027// 2011// 247//
f 247// 2011// 2010//
f 247// 2010// 2023//
f 2023// 2010// 2009//
f 2023// 2009// 246//
f 246// 2009// 1999//
f 246// 1999// 2024//
f 2024// 1999// 2000//
f 2024// 2000// 191//
f 191// 2000// 2001//
f 191// 2001// 2030//
f 2030// 2001// 2017//
f 2030// 2017// 193//
f 193// 2017// 2016//
f 193// 2016// 2031//
f 2031// 2016// 2015//
f 2031// 2015// 194//
f 194// 2015// 2008//
f 194// 2008// 2022//
f 2022// 2008// 2007//
f 2022// 2007// 173//
f 173// 2007// 2006//
f 173// 2006// 2026//
f 2026// 2006// 2005//
f 2026// 2005// 172//
f 172// 2005// 2004//
f 172// 2004// 2025//
f 2025// 2004// 2003//
f 2025// 2003// 210//
f 210// 2003// 2002//
f 210// 2002// 2032//
f 2032// 2002// 2014//
f 2032// 2014// 209//
f 209// 2014// 2013//
f 209// 2013// 2021//
f 2021// 2013// 2012//
f 2021// 2012// 224//
f 224// 2012// 1988//
f 2033// 2034// 618//
f 618// 2034// 2035//
f 2034// 2036// 2035//
f 2035// 2036// 2037//
f 306// 2038// 2039//
f 2039// 2038// 2040//
f 2041// 2040// 2042//
f 2042// 2040// 2038//
f 2036// 2041// 2037//
f 2037// 2041// 2042//
f 2043// 2039// 2040//
f 2044// 2045// 2036//
f 2036// 2045// 2046//
f 2047// 2041// 2048//
f 2048// 2041// 2049//
f 2033// 2050// 2034//
f 2034// 2050// 2051//
f 2034// 2051// 2036//
f 2051// 2052// 2036//
f 2036// 2052// 2053//
f 2036// 2053// 2054//
f 2046// 2055// 2036//
f 2036// 2055// 2056//
f 2036// 2056// 2041//
f 2041// 2056// 2057//
f 2041// 2057// 2049//
f 2047// 2058// 2041//
f 2041// 2058// 2059//
f 2041// 2059// 2060//
f 2054// 2061// 2036//
f 2036// 2061// 2062//
f 2036// 2062// 2044//
f 2060// 2063// 2041//
f 2041// 2063// 2064//
f 2041// 2064// 2040//
f 2040// 2064// 2065//
f 2040// 2065// 2043//
f 2066// 618// 2035//
f 2067// 295// 2042//
f 2042// 295// 2068//
f 2042// 2068// 300//
f 396// 2069// 2037//
f 2037// 2069// 395//
f 323// 2070// 2042//
f 2042// 2070// 296//
f 2042// 296// 2067//
f 300// 2071// 2042//
f 2042// 2071// 397//
f 2042// 397// 2037//
f 2037// 397// 2072//
f 2037// 2072// 396//
f 395// 2073// 2037//
f 2037// 2073// 392//
f 2037// 392// 2074//
f 306// 2075// 2038//
f 2038// 2075// 305//
f 2038// 305// 2042//
f 2042// 305// 2076//
f 2042// 2076// 323//
f 2074// 391// 2037//
f 2037// 391// 2077//
f 2037// 2077// 2035//
f 2035// 2077// 394//
f 2035// 394// 2066//
f 306// 2039// 2075//
f 2075// 2039// 2043//
f 2075// 2043// 305//
f 305// 2043// 2065//
f 305// 2065// 2076//
f 2076// 2065// 2064//
f 2076// 2064// 323//
f 323// 2064// 2063//
f 323// 2063// 2070//
f 2070// 2063// 2060//
f 2070// 2060// 296//
f 296// 2060// 2059//
f 296// 2059// 2067//
f 2067// 2059// 2058//
f 2067// 2058// 295//
f 295// 2058// 2047//
f 295// 2047// 2068//
f 2068// 2047// 2048//
f 2068// 2048// 300//
f 300// 2048// 2049//
f 300// 2049// 2071//
f 2071// 2049// 2057//
f 2071// 2057// 397//
f 397// 2057// 2056//
f 397// 2056// 2072//
f 2072// 2056// 2055//
f 2072// 2055// 396//
f 396// 2055// 2046//
f 396// 2046// 2069//
f 2069// 2046// 2045//
f 2069// 2045// 395//
f 395// 2045// 2044//
f 395// 2044// 2073//
f 2073// 2044// 2062//
f 2073// 2062// 392//
f 392// 2062// 2061//
f 392// 2061// 2074//
f 2074// 2061// 2054//
f 2074// 2054// 391//
f 391// 2054// 2053//
f 391// 2053// 2077//
f 2077// 2053// 2052//
f 2077// 2052// 394//
f 394// 2052// 2051//
f 394// 2051// 2066//
f 2066// 2051// 2050//
f 2066// 2050// 618//
f 618// 2050// 2033//
f 2078// 2079// 307//
f 307// 2079// 2080//
f 2079// 2081// 2080//
f 2080// 2081// 2082//
f 326// 2083// 2084//
f 2084// 2083// 2085//
f 2086// 2085// 2087//
f 2087// 2085// 2083//
f 2081// 2086// 2082//
f 2082// 2086// 2087//
f 2088// 2084// 2085//
f 2089// 2090// 2081//
f 2081// 2090// 2091//
f 2092// 2086// 2093//
f 2093// 2086// 2094//
f 2092// 2095// 2086//
f 2086// 2095// 2096//
f 2086// 2096// 2097//
f 2097// 2098// 2086//
f 2086// 2098// 2099//
f 2086// 2099// 2085//
f 2085// 2099// 2100//
f 2085// 2100// 2088//
f 2078// 2101// 2079//
f 2079// 2101// 2102//
f 2079// 2102// 2081//
f 2102// 2103// 2081//
f 2081// 2103// 2104//
f 2081// 2104// 2105//
f 2091// 2106// 2081//
f 2081// 2106// 2107//
f 2081// 2107// 2086//
f 2086// 2107// 2108//
f 2086// 2108// 2094//
f 2105// 2109// 2081//
f 2081// 2109// 2110//
f 2081// 2110// 2089//
f 2111// 307// 2080//
f 329// 2112// 2087//
f 298// 2087// 2113//
f 2113// 2087// 310//
f 326// 2114// 2083//
f 2083// 2114// 328//
f 2083// 328// 2087//
f 2087// 328// 2115//
f 2087// 2115// 329//
f 2112// 308// 2087//
f 2087// 308// 2116//
f 2087// 2116// 310//
f 297// 2117// 2082//
f 2082// 2117// 325//
f 298// 2118// 2087//
f 2087// 2118// 302//
f 2087// 302// 2082//
f 2082// 302// 2119//
f 2082// 2119// 297//
f 325// 2120// 2082//
f 2082// 2120// 324//
f 2082// 324// 2121//
f 2121// 322// 2082//
f 2082// 322// 2122//
f 2082// 2122// 2080//
f 2080// 2122// 321//
f 2080// 321// 2111//
f 326// 2084// 2114//
f 2114// 2084// 2088//
f 2114// 2088// 328//
f 328// 2088// 2100//
f 328// 2100// 2115//
f 2115// 2100// 2099//
f 2115// 2099// 329//
f 329// 2099// 2098//
f 329// 2098// 2112//
f 2112// 2098// 2097//
f 2112// 2097// 308//
f 308// 2097// 2096//
f 308// 2096// 2116//
f 2116// 2096// 2095//
f 2116// 2095// 310//
f 310// 2095// 2092//
f 310// 2092// 2113//
f 2113// 2092// 2093//
f 2113// 2093// 298//
f 298// 2093// 2094//
f 298// 2094// 2118//
f 2118// 2094// 2108//
f 2118// 2108// 302//
f 302// 2108// 2107//
f 302// 2107// 2119//
f 2119// 2107// 2106//
f 2119// 2106// 297//
f 297// 2106// 2091//
f 297// 2091// 2117//
f 2117// 2091// 2090//
f 2117// 2090// 325//
f 325// 2090// 2089//
f 325// 2089// 2120//
f 2120// 2089// 2110//
f 2120// 2110// 324//
f 324// 2110// 2109//
f 324// 2109// 2121//
f 2121// 2109// 2105//
f 2121// 2105// 322//
f 322// 2105// 2104//
f 322// 2104// 2122//
f 2122// 2104// 2103//
f 2122// 2103// 321//
f 321// 2103// 2102//
f 321// 2102// 2111//
f 2111// 2102// 2101//
f 2111// 2101// 307//
f 307// 2101// 2078//
f 2123// 2124// 327//
f 327// 2124// 2125//
f 2124// 2126// 2125//
f 2125// 2126// 2127//
f 348// 2128// 2129//
f 2129// 2128// 2130//
f 2131// 2130// 2132//
f 2132// 2130// 2128//
f 2126// 2131// 2127//
f 2127// 2131// 2132//
f 2133// 2129// 2130//
f 2134// 2131// 2135//
f 2135// 2131// 2136//
f 2137// 2138// 2126//
f 2126// 2138// 2139//
f 2126// 2139// 2140//
f 2140// 2141// 2126//
f 2126// 2141// 2142//
f 2126// 2142// 2131//
f 2131// 2142// 2143//
f 2131// 2143// 2136//
f 2134// 2144// 2131//
f 2131// 2144// 2145//
f 2131// 2145// 2146//
f 2146// 2147// 2131//
f 2131// 2147// 2148//
f 2131// 2148// 2130//
f 2130// 2148// 2149//
f 2130// 2149// 2133//
f 2150// 2151// 2126//
f 2126// 2151// 2152//
f 2126// 2152// 2137//
f 2123// 2153// 2124//
f 2124// 2153// 2154//
f 2124// 2154// 2126//
f 2126// 2154// 2155//
f 2126// 2155// 2150//
f 2156// 327// 2125//
f 377// 2157// 2132//
f 333// 2132// 2158//
f 2158// 2132// 332//
f 348// 2159// 2128//
f 2128// 2159// 347//
f 2128// 347// 2132//
f 2132// 347// 2160//
f 2132// 2160// 377//
f 2157// 330// 2132//
f 2132// 330// 2161//
f 2132// 2161// 332//
f 2162// 2127// 335//
f 335// 2127// 2132//
f 335// 2132// 2163//
f 2163// 2132// 333//
f 2162// 334// 2127//
f 2127// 334// 2164//
f 2127// 2164// 313//
f 313// 2165// 2127//
f 2127// 2165// 312//
f 2127// 312// 2166//
f 2166// 311// 2127//
f 2127// 311// 2167//
f 2127// 2167// 2125//
f 2125// 2167// 309//
f 2125// 309// 2156//
f 348// 2129// 2159//
f 2159// 2129// 2133//
f 2159// 2133// 347//
f 347// 2133// 2149//
f 347// 2149// 2160//
f 2160// 2149// 2148//
f 2160// 2148// 377//
f 377// 2148// 2147//
f 377// 2147// 2157//
f 2157// 2147// 2146//
f 2157// 2146// 330//
f 330// 2146// 2145//
f 330// 2145// 2161//
f 2161// 2145// 2144//
f 2161// 2144// 332//
f 332// 2144// 2134//
f 332// 2134// 2158//
f 2158// 2134// 2135//
f 2158// 2135// 333//
f 333// 2135// 2136//
f 333// 2136// 2163//
f 2163// 2136// 2143//
f 2163// 2143// 335//
f 335// 2143// 2142//
f 335// 2142// 2162//
f 2162// 2142// 2141//
f 2162// 2141// 334//
f 334// 2141// 2140//
f 334// 2140// 2164//
f 2164// 2140// 2139//
f 2164// 2139// 313//
f 313// 2139// 2138//
f 313// 2138// 2165//
f 2165// 2138// 2137//
f 2165// 2137// 312//
f 312// 2137// 2152//
f 312// 2152// 2166//
f 2166// 2152// 2151//
f 2166// 2151// 311//
f 311// 2151// 2150//
f 311// 2150// 2167//
f 2167// 2150// 2155//
f 2167// 2155// 309//
f 309// 2155// 2154//
f 309// 2154// 2156//
f 2156// 2154// 2153//
f 2156// 2153// 327//
f 327// 2153// 2123//
f 2168// 2169// 349//
f 349// 2169// 2170//
f 2169// 2171// 2170//
f 2170// 2171// 2172//
f 355// 2173// 2174//
f 2174// 2173// 2175//
f 2176// 2175// 2177//
f 2177// 2175// 2173//
f 2171// 2176// 2172//
f 2172// 2176// 2177//
f 2178// 2174// 2175//
f 2179// 2176// 2180//
f 2180// 2176// 2181//
f 2182// 2183// 2171//
f 2171// 2183// 2184//
f 2171// 2184// 2185//
f 2185// 2186// 2171//
f 2171// 2186// 2187//
f 2171// 2187// 2188//
f 2188// 2189// 2171//
f 2171// 2189// 2190//
f 2171// 2190// 2176//
f 2176// 2190// 2191//
f 2176// 2191// 2181//
f 2179// 2192// 2176//
f 2176// 2192// 2193//
f 2176// 2193// 2194//
f 2168// 2195// 2169//
f 2169// 2195// 2196//
f 2169// 2196// 2171//
f 2171// 2196// 2197//
f 2171// 2197// 2182//
f 2194// 2198// 2176//
f 2176// 2198// 2199//
f 2176// 2199// 2175//
f 2175// 2199// 2200//
f 2175// 2200// 2178//
f 2201// 349// 2170//
f 2202// 352// 2177//
f 2177// 352// 2203//
f 2177// 2203// 304//
f 2204// 2172// 303//
f 303// 2172// 2177//
f 303// 2177// 2205//
f 2205// 2177// 304//
f 2204// 331// 2172//
f 2172// 331// 2206//
f 2172// 2206// 378//
f 378// 2207// 2172//
f 2172// 2207// 376//
f 2172// 376// 2208//
f 382// 2209// 2177//
f 2177// 2209// 353//
f 2177// 353// 2202//
f 355// 2210// 2173//
f 2173// 2210// 354//
f 2173// 354// 2177//
f 2177// 354// 2211//
f 2177// 2211// 382//
f 2208// 375// 2172//
f 2172// 375// 2212//
f 2172// 2212// 2170//
f 2170// 2212// 374//
f 2170// 374// 2201//
f 355// 2174// 2210//
f 2210// 2174// 2178//
f 2210// 2178// 354//
f 354// 2178// 2200//
f 354// 2200// 2211//
f 2211// 2200// 2199//
f 2211// 2199// 382//
f 382// 2199// 2198//
f 382// 2198// 2209//
f 2209// 2198// 2194//
f 2209// 2194// 353//
f 353// 2194// 2193//
f 353// 2193// 2202//
f 2202// 2193// 2192//
f 2202// 2192// 352//
f 352// 2192// 2179//
f 352// 2179// 2203//
f 2203// 2179// 2180//
f 2203// 2180// 304//
f 304// 2180// 2181//
f 304// 2181// 2205//
f 2205// 2181// 2191//
f 2205// 2191// 303//
f 303// 2191// 2190//
f 303// 2190// 2204//
f 2204// 2190// 2189//
f 2204// 2189// 331//
f 331// 2189// 2188//
f 331// 2188// 2206//
f 2206// 2188// 2187//
f 2206// 2187// 378//
f 378// 2187// 2186//
f 378// 2186// 2207//
f 2207// 2186// 2185//
f 2207// 2185// 376//
f 376// 2185// 2184//
f 376// 2184// 2208//
f 2208// 2184// 2183//
f 2208// 2183// 375//
f 375// 2183// 2182//
f 375// 2182// 2212//
f 2212// 2182// 2197//
f 2212// 2197// 374//
f 374// 2197// 2196//
f 374// 2196// 2201//
f 2201// 2196// 2195//
f 2201// 2195// 349//
f 349// 2195// 2168//
f 2213// 2214// 356//
f 356// 2214// 2215//
f 2214// 2216// 2215//
f 2215// 2216// 2217//
f 341// 2218// 2219//
f 2219// 2218// 2220//
f 2221// 2220// 2222//
f 2222// 2220// 2218//
f 2216// 2221// 2217//
f 2217// 2221// 2222//
f 2223// 2219// 2220//
f 2224// 2225// 2216//
f 2216// 2225// 2226//
f 2216// 2226// 2227//
f 2228// 2229// 2216//
f 2216// 2229// 2230//
f 2216// 2230// 2224//
f 2227// 2231// 2216//
f 2216// 2231// 2232//
f 2216// 2232// 2221//
f 2221// 2232// 2233//
f 2233// 2234// 2221//
f 2221// 2234// 2235//
f 2221// 2235// 2236//
f 2213// 2237// 2214//
f 2214// 2237// 2238//
f 2214// 2238// 2216//
f 2216// 2238// 2239//
f 2216// 2239// 2228//
f 2236// 2240// 2221//
f 2221// 2240// 2241//
f 2221// 2241// 2242//
f 2242// 2243// 2221//
f 2221// 2243// 2244//
f 2221// 2244// 2220//
f 2220// 2244// 2245//
f 2220// 2245// 2223//
f 2246// 356// 2215//
f 383// 2217// 2247//
f 2247// 2217// 351//
f 2248// 338// 2222//
f 2222// 338// 2249//
f 2222// 2249// 339//
f 339// 2250// 2222//
f 2222// 2250// 350//
f 2222// 350// 2217//
f 2217// 350// 2251//
f 2217// 2251// 351//
f 383// 2252// 2217//
f 2217// 2252// 381//
f 2217// 381// 2253//
f 369// 2254// 2222//
f 2222// 2254// 336//
f 2222// 336// 2248//
f 2253// 380// 2217//
f 2217// 380// 2255//
f 2217// 2255// 2215//
f 2215// 2255// 379//
f 2215// 379// 2246//
f 341// 2256// 2218//
f 2218// 2256// 340//
f 2218// 340// 2222//
f 2222// 340// 2257//
f 2222// 2257// 369//
f 341// 2219// 2256//
f 2256// 2219// 2223//
f 2256// 2223// 340//
f 340// 2223// 2245//
f 340// 2245// 2257//
f 2257// 2245// 2244//
f 2257// 2244// 369//
f 369// 2244// 2243//
f 369// 2243// 2254//
f 2254// 2243// 2242//
f 2254// 2242// 336//
f 336// 2242// 2241//
f 336// 2241// 2248//
f 2248// 2241// 2240//
f 2248// 2240// 338//
f 338// 2240// 2236//
f 338// 2236// 2249//
f 2249// 2236// 2235//
f 2249// 2235// 339//
f 339// 2235// 2234//
f 339// 2234// 2250//
f 2250// 2234// 2233//
f 2250// 2233// 350//
f 350// 2233// 2232//
f 350// 2232// 2251//
f 2251// 2232// 2231//
f 2251// 2231// 351//
f 351// 2231// 2227//
f 351// 2227// 2247//
f 2247// 2227// 2226//
f 2247// 2226// 383//
f 383// 2226// 2225//
f 383// 2225// 2252//
f 2252// 2225// 2224//
f 2252// 2224// 381//
f 381// 2224// 2230//
f 381// 2230// 2253//
f 2253// 2230// 2229//
f 2253// 2229// 380//
f 380// 2229// 2228//
f 380// 2228// 2255//
f 2255// 2228// 2239//
f 2255// 2239// 379//
f 379// 2239// 2238//
f 379// 2238// 2246//
f 2246// 2238// 2237//
f 2246// 2237// 356//
f 356// 2237// 2213//
f 2258// 2259// 342//
f 342// 2259// 2260//
f 2259// 2261// 2260//
f 2260// 2261// 2262//
f 387// 2263// 2264//
f 2264// 2263// 2265//
f 2266// 2265// 2267//
f 2267// 2265// 2263//
f 2261// 2266// 2262//
f 2262// 2266// 2267//
f 2268// 2264// 2265//
f 2269// 2266// 2270//
f 2270// 2266// 2271//
f 2272// 2273// 2261//
f 2261// 2273// 2274//
f 2261// 2274// 2275//
f 2275// 2276// 2261//
f 2261// 2276// 2277//
f 2261// 2277// 2266//
f 2266// 2277// 2278//
f 2266// 2278// 2271//
f 2279// 2280// 2261//
f 2261// 2280// 2281//
f 2261// 2281// 2272//
f 2269// 2282// 2266//
f 2266// 2282// 2283//
f 2266// 2283// 2284//
f 2258// 2285// 2259//
f 2259// 2285// 2286//
f 2259// 2286// 2261//
f 2261// 2286// 2287//
f 2261// 2287// 2279//
f 2284// 2288// 2266//
f 2266// 2288// 2289//
f 2266// 2289// 2265//
f 2265// 2289// 2290//
f 2265// 2290// 2268//
f 2291// 342// 2260//
f 2292// 385// 2267//
f 2267// 385// 2293//
f 2267// 2293// 315//
f 2294// 2262// 314//
f 314// 2262// 2267//
f 314// 2267// 2295//
f 2295// 2267// 315//
f 2294// 337// 2262//
f 2262// 337// 2296//
f 2262// 2296// 370//
f 390// 2297// 2267//
f 2267// 2297// 386//
f 2267// 386// 2292//
f 370// 2298// 2262//
f 2262// 2298// 368//
f 2262// 368// 2299//
f 387// 2300// 2263//
f 2263// 2300// 389//
f 2263// 389// 2267//
f 2267// 389// 2301//
f 2267// 2301// 390//
f 2299// 367// 2262//
f 2262// 367// 2302//
f 2262// 2302// 2260//
f 2260// 2302// 366//
f 2260// 366// 2291//
f 387// 2264// 2300//
f 2300// 2264// 2268//
f 2300// 2268// 389//
f 389// 2268// 2290//
f 389// 2290// 2301//
f 2301// 2290// 2289//
f 2301// 2289// 390//
f 390// 2289// 2288//
f 390// 2288// 2297//
f 2297// 2288// 2284//
f 2297// 2284// 386//
f 386// 2284// 2283//
f 386// 2283// 2292//
f 2292// 2283// 2282//
f 2292// 2282// 385//
f 385// 2282// 2269//
f 385// 2269// 2293//
f 2293// 2269// 2270//
f 2293// 2270// 315//
f 315// 2270// 2271//
f 315// 2271// 2295//
f 2295// 2271// 2278//
f 2295// 2278// 314//
f 314// 2278// 2277//
f 314// 2277// 2294//
f 2294// 2277// 2276//
f 2294// 2276// 337//
f 337// 2276// 2275//
f 337// 2275// 2296//
f 2296// 2275// 2274//
f 2296// 2274// 370//
f 370// 2274// 2273//
f 370// 2273// 2298//
f 2298// 2273// 2272//
f 2298// 2272// 368//
f 368// 2272// 2281//
f 368// 2281// 2299//
f 2299// 2281// 2280//
f 2299// 2280// 367//
f 367// 2280// 2279//
f 367// 2279// 2302//
f 2302// 2279// 2287//
f 2302// 2287// 366//
f 366// 2287// 2286//
f 366// 2286// 2291//
f 2291// 2286// 2285//
f 2291// 2285// 342//
f 342// 2285// 2258//
f 2303// 2304// 388//
f 388// 2304// 2305//
f 2304// 2306// 2305//
f 2305// 2306// 2307//
f 359// 2308// 2309//
f 2309// 2308// 2310//
f 2311// 2310// 2312//
f 2312// 2310// 2308//
f 2306// 2311// 2307//
f 2307// 2311// 2312//
f 2313// 2309// 2310//
f 2314// 2311// 2315//
f 2315// 2311// 2316//
f 2317// 2318// 2306//
f 2306// 2318// 2319//
f 2306// 2319// 2320//
f 2320// 2321// 2306//
f 2306// 2321// 2322//
f 2306// 2322// 2311//
f 2311// 2322// 2323//
f 2311// 2323// 2316//
f 2314// 2324// 2311//
f 2311// 2324// 2325//
f 2311// 2325// 2326//
f 2326// 2327// 2311//
f 2311// 2327// 2328//
f 2311// 2328// 2310//
f 2310// 2328// 2329//
f 2310// 2329// 2313//
f 2330// 2331// 2306//
f 2306// 2331// 2332//
f 2306// 2332// 2317//
f 2303// 2333// 2304//
f 2304// 2333// 2334//
f 2304// 2334// 2306//
f 2306// 2334// 2335//
f 2306// 2335// 2330//
f 2336// 388// 2305//
f 362// 2337// 2312//
f 346// 2312// 2338//
f 2338// 2312// 345//
f 359// 2339// 2308//
f 2308// 2339// 361//
f 2308// 361// 2312//
f 2312// 361// 2340//
f 2312// 2340// 362//
f 2337// 343// 2312//
f 2312// 343// 2341//
f 2312// 2341// 345//
f 2342// 2307// 373//
f 373// 2307// 2312//
f 373// 2312// 2343//
f 2343// 2312// 346//
f 2342// 372// 2307//
f 2307// 372// 2344//
f 2307// 2344// 371//
f 371// 2345// 2307//
f 2307// 2345// 358//
f 2307// 358// 2346//
f 2346// 357// 2307//
f 2307// 357// 2347//
f 2307// 2347// 2305//
f 2305// 2347// 384//
f 2305// 384// 2336//
f 359// 2309// 2339//
f 2339// 2309// 2313//
f 2339// 2313// 361//
f 361// 2313// 2329//
f 361// 2329// 2340//
f 2340// 2329// 2328//
f 2340// 2328// 362//
f 362// 2328// 2327//
f 362// 2327// 2337//
f 2337// 2327// 2326//
f 2337// 2326// 343//
f 343// 2326// 2325//
f 343// 2325// 2341//
f 2341// 2325// 2324//
f 2341// 2324// 345//
f 345// 2324// 2314//
f 345// 2314// 2338//
f 2338// 2314// 2315//
f 2338// 2315// 346//
f 346// 2315// 2316//
f 346// 2316// 2343//
f 2343// 2316// 2323//
f 2343// 2323// 373//
f 373// 2323// 2322//
f 373// 2322// 2342//
f 2342// 2322// 2321//
f 2342// 2321// 372//
f 372// 2321// 2320//
f 372// 2320// 2344//
f 2344// 2320// 2319//
f 2344// 2319// 371//
f 371// 2319// 2318//
f 371// 2318// 2345//
f 2345// 2318// 2317//
f 2345// 2317// 358//
f 358// 2317// 2332//
f 358// 2332// 2346//
f 2346// 2332// 2331//
f 2346// 2331// 357//
f 357// 2331// 2330//
f 357// 2330// 2347//
f 2347// 2330// 2335//
f 2347// 2335// 384//
f 384// 2335// 2334//
f 384// 2334// 2336//
f 2336// 2334// 2333//
f 2336// 2333// 388//
f 388// 2333// 2303//
f 2348// 2349// 360//
f 360// 2349// 2350//
f 2349// 2351// 2350//
f 2350// 2351// 2352//
f 202// 2353// 2354//
f 2354// 2353// 2355//
f 2356// 2355// 2357//
f 2357// 2355// 2353//
f 2351// 2356// 2352//
f 2352// 2356// 2357//
f 2358// 2354// 2355//
f 2359// 2356// 2360//
f 2360// 2356// 2361//
f 2362// 2363// 2351//
f 2351// 2363// 2364//
f 2351// 2364// 2365//
f 2365// 2366// 2351//
f 2351// 2366// 2367//
f 2351// 2367// 2356//
f 2356// 2367// 2368//
f 2356// 2368// 2361//
f 2359// 2369// 2356//
f 2356// 2369// 2370//
f 2356// 2370// 2371//
f 2371// 2372// 2356//
f 2356// 2372// 2373//
f 2356// 2373// 2355//
f 2355// 2373// 2374//
f 2355// 2374// 2358//
f 2375// 2376// 2351//
f 2351// 2376// 2377//
f 2351// 2377// 2362//
f 2348// 2378// 2349//
f 2349// 2378// 2379//
f 2349// 2379// 2351//
f 2351// 2379// 2380//
f 2351// 2380// 2375//
f 2381// 360// 2350//
f 213// 2382// 2357//
f 316// 2357// 2383//
f 2383// 2357// 319//
f 202// 2384// 2353//
f 2353// 2384// 201//
f 2353// 201// 2357//
f 2357// 201// 2385//
f 2357// 2385// 213//
f 2382// 320// 2357//
f 2357// 320// 2386//
f 2357// 2386// 319//
f 2387// 2352// 317//
f 317// 2352// 2357//
f 317// 2357// 2388//
f 2388// 2357// 316//
f 2387// 318// 2352//
f 2352// 318// 2389//
f 2352// 2389// 365//
f 365// 2390// 2352//
f 2352// 2390// 364//
f 2352// 364// 2391//
f 2391// 363// 2352//
f 2352// 363// 2392//
f 2352// 2392// 2350//
f 2350// 2392// 344//
f 2350// 344// 2381//
f 202// 2354// 2384//
f 2384// 2354// 2358//
f 2384// 2358// 201//
f 201// 2358// 2374//
f 201// 2374// 2385//
f 2385// 2374// 2373//
f 2385// 2373// 213//
f 213// 2373// 2372//
f 213// 2372// 2382//
f 2382// 2372// 2371//
f 2382// 2371// 320//
f 320// 2371// 2370//
f 320// 2370// 2386//
f 2386// 2370// 2369//
f 2386// 2369// 319//
f 319// 2369// 2359//
f 319// 2359// 2383//
f 2383// 2359// 2360//
f 2383// 2360// 316//
f 316// 2360// 2361//
f 316// 2361// 2388//
f 2388// 2361// 2368//
f 2388// 2368// 317//
f 317// 2368// 2367//
f 317// 2367// 2387//
f 2387// 2367// 2366//
f 2387// 2366// 318//
f 318// 2366// 2365//
f 318// 2365// 2389//
f 2389// 2365// 2364//
f 2389// 2364// 365//
f 365// 2364// 2363//
f 365// 2363// 2390//
f 2390// 2363// 2362//
f 2390// 2362// 364//
f 364// 2362// 2377//
f 364// 2377// 2391//
f 2391// 2377// 2376//
f 2391// 2376// 363//
f 363// 2376// 2375//
f 363// 2375// 2392//
f 2392// 2375// 2380//
f 2392// 2380// 344//
f 344// 2380// 2379//
f 344// 2379// 2381//
f 2381// 2379// 2378//
f 2381// 2378// 360//
f 360// 2378// 2348//
f 2393// 2394// 203//
f 203// 2394// 2395//
f 2394// 2396// 2395//
f 2395// 2396// 2397//
f 249// 2398// 2399//
f 2399// 2398// 2400//
f 2401// 2400// 2402//
f 2402// 2400// 2398//
f 2396// 2401// 2397//
f 2397// 2401// 2402//
f 2403// 2399// 2400//
f 2404// 2405// 2396//
f 2396// 2405// 2406//
f 2407// 2401// 2408//
f 2408// 2401// 2409//
f 2393// 2410// 2394//
f 2394// 2410// 2411//
f 2394// 2411// 2396//
f 2411// 2412// 2396//
f 2396// 2412// 2413//
f 2396// 2413// 2414//
f 2406// 2415// 2396//
f 2396// 2415// 2416//
f 2396// 2416// 2401//
f 2401// 2416// 2417//
f 2401// 2417// 2409//
f 2407// 2418// 2401//
f 2401// 2418// 2419//
f 2401// 2419// 2420//
f 2414// 2421// 2396//
f 2396// 2421// 2422//
f 2396// 2422// 2404//
f 2420// 2423// 2401//
f 2401// 2423// 2424//
f 2401// 2424// 2400//
f 2400// 2424// 2425//
f 2400// 2425// 2403//
f 2426// 203// 2395//
f 2427// 174// 2402//
f 2402// 174// 2428//
f 2402// 2428// 170//
f 167// 2429// 2397//
f 2397// 2429// 166//
f 259// 2430// 2402//
f 2402// 2430// 175//
f 2402// 175// 2427//
f 170// 2431// 2402//
f 2402// 2431// 169//
f 2402// 169// 2397//
f 2397// 169// 2432//
f 2397// 2432// 167//
f 166// 2433// 2397//
f 2397// 2433// 200//
f 2397// 200// 2434//
f 249// 2435// 2398//
f 2398// 2435// 248//
f 2398// 248// 2402//
f 2402// 248// 2436//
f 2402// 2436// 259//
f 2434// 199// 2397//
f 2397// 199// 2437//
f 2397// 2437// 2395//
f 2395// 2437// 214//
f 2395// 214// 2426//
f 249// 2399// 2435//
f 2435// 2399// 2403//
f 2435// 2403// 248//
f 248// 2403// 2425//
f 248// 2425// 2436//
f 2436// 2425// 2424//
f 2436// 2424// 259//
f 259// 2424// 2423//
f 259// 2423// 2430//
f 2430// 2423// 2420//
f 2430// 2420// 175//
f 175// 2420// 2419//
f 175// 2419// 2427//
f 2427// 2419// 2418//
f 2427// 2418// 174//
f 174// 2418// 2407//
f 174// 2407// 2428//
f 2428// 2407// 2408//
f 2428// 2408// 170//
f 170// 2408// 2409//
f 170// 2409// 2431//
f 2431// 2409// 2417//
f 2431// 2417// 169//
f 169// 2417// 2416//
f 169// 2416// 2432//
f 2432// 2416// 2415//
f 2432// 2415// 167//
f 167// 2415// 2406//
f 167// 2406// 2429//
f 2429// 2406// 2405//
f 2429// 2405// 166//
f 166// 2405// 2404//
f 166// 2404// 2433//
f 2433// 2404// 2422//
f 2433// 2422// 200//
f 200// 2422// 2421//
f 200// 2421// 2434//
f 2434// 2421// 2414//
f 2434// 2414// 199//
f 199// 2414// 2413//
f 199// 2413// 2437//
f 2437// 2413// 2412//
f 2437// 2412// 214//
f 214// 2412// 2411//
f 214// 2411// 2426//
f 2426// 2411// 2410//
f 2426// 2410// 203//
f 203// 2410// 2393//
f 2438// 2439// 250//
f 250// 2439// 2440//
f 2439// 2441// 2440//
f 2440// 2441// 2442//
f 275// 2443// 2444//
f 2444// 2443// 2445//
f 2446// 2445// 2447//
f 2447// 2445// 2443//
f 2441// 2446// 2442//
f 2442// 2446// 2447//
f 2448// 2444// 2445//
f 2449// 2450// 2441//
f 2441// 2450// 2451//
f 2452// 2446// 2453//
f 2453// 2446// 2454//
f 2438// 2455// 2439//
f 2439// 2455// 2456//
f 2439// 2456// 2441//
f 2456// 2457// 2441//
f 2441// 2457// 2458//
f 2441// 2458// 2459//
f 2451// 2460// 2441//
f 2441// 2460// 2461//
f 2441// 2461// 2446//
f 2446// 2461// 2462//
f 2446// 2462// 2454//
f 2452// 2463// 2446//
f 2446// 2463// 2464//
f 2446// 2464// 2465//
f 2459// 2466// 2441//
f 2441// 2466// 2467//
f 2441// 2467// 2449//
f 2465// 2468// 2446//
f 2446// 2468// 2469//
f 2446// 2469// 2445//
f 2445// 2469// 2470//
f 2445// 2470// 2448//
f 2471// 250// 2440//
f 2472// 231// 2447//
f 2447// 231// 2473//
f 2447// 2473// 229//
f 176// 2474// 2442//
f 2442// 2474// 261//
f 287// 2475// 2447//
f 2447// 2475// 232//
f 2447// 232// 2472//
f 229// 2476// 2447//
f 2447// 2476// 215//
f 2447// 215// 2442//
f 2442// 215// 2477//
f 2442// 2477// 176//
f 261// 2478// 2442//
f 2442// 2478// 260//
f 2442// 260// 2479//
f 275// 2480// 2443//
f 2443// 2480// 274//
f 2443// 274// 2447//
f 2447// 274// 2481//
f 2447// 2481// 287//
f 2479// 258// 2442//
f 2442// 258// 2482//
f 2442// 2482// 2440//
f 2440// 2482// 257//
f 2440// 257// 2471//
f 275// 2444// 2480//
f 2480// 2444// 2448//
f 2480// 2448// 274//
f 274// 2448// 2470//
f 274// 2470// 2481//
f 2481// 2470// 2469//
f 2481// 2469// 287//
f 287// 2469// 2468//
f 287// 2468// 2475//
f 2475// 2468// 2465//
f 2475// 2465// 232//
f 232// 2465// 2464//
f 232// 2464// 2472//
f 2472// 2464// 2463//
f 2472// 2463// 231//
f 231// 2463// 2452//
f 231// 2452// 2473//
f 2473// 2452// 2453//
f 2473// 2453// 229//
f 229// 2453// 2454//
f 229// 2454// 2476//
f 2476// 2454// 2462//
f 2476// 2462// 215//
f 215// 2462// 2461//
f 215// 2461// 2477//
f 2477// 2461// 2460//
f 2477// 2460// 176//
f 176// 2460// 2451//
f 176// 2451// 2474//
f 2474// 2451// 2450//
f 2474// 2450// 261//
f 261// 2450// 2449//
f 261// 2449// 2478//
f 2478// 2449// 2467//
f 2478// 2467// 260//
f 260// 2467// 2466//
f 260// 2466// 2479//
f 2479// 2466// 2459//
f 2479// 2459// 258//
f 258// 2459// 2458//
f 258// 2458// 2482//
f 2482// 2458// 2457//
f 2482// 2457// 257//
f 257// 2457// 2456//
f 257// 2456// 2471//
f 2471// 2456// 2455//
f 2471// 2455// 250//
f 250// 2455// 2438//
f 2483// 2484// 276//
f 276// 2484// 2485//
f 2484// 2486// 2485//
f 2485// 2486// 2487//
f 262// 2488// 2489//
f 2489// 2488// 2490//
f 2491// 2490// 2492//
f 2492// 2490// 2488//
f 2486// 2491// 2487//
f 2487// 2491// 2492//
f 2493// 2489// 2490//
f 2494// 2495// 2486//
f 2486// 2495// 2496//
f 2497// 2491// 2498//
f 2498// 2491// 2499//
f 2483// 2500// 2484//
f 2484// 2500// 2501//
f 2484// 2501// 2486//
f 2501// 2502// 2486//
f 2486// 2502// 2503//
f 2486// 2503// 2504//
f 2496// 2505// 2486//
f 2486// 2505// 2506//
f 2486// 2506// 2491//
f 2491// 2506// 2507//
f 2491// 2507// 2499//
f 2497// 2508// 2491//
f 2491// 2508// 2509//
f 2491// 2509// 2510//
f 2504// 2511// 2486//
f 2486// 2511// 2512//
f 2486// 2512// 2494//
f 2510// 2513// 2491//
f 2491// 2513// 2514//
f 2491// 2514// 2490//
f 2490// 2514// 2515//
f 2490// 2515// 2493//
f 2516// 276// 2485//
f 2517// 225// 2492//
f 2492// 225// 2518//
f 2492// 2518// 238//
f 230// 2519// 2487//
f 2487// 2519// 289//
f 265// 2520// 2492//
f 2492// 2520// 226//
f 2492// 226// 2517//
f 238// 2521// 2492//
f 2492// 2521// 228//
f 2492// 228// 2487//
f 2487// 228// 2522//
f 2487// 2522// 230//
f 289// 2523// 2487//
f 2487// 2523// 288//
f 2487// 288// 2524//
f 262// 2525// 2488//
f 2488// 2525// 264//
f 2488// 264// 2492//
f 2492// 264// 2526//
f 2492// 2526// 265//
f 2524// 286// 2487//
f 2487// 286// 2527//
f 2487// 2527// 2485//
f 2485// 2527// 285//
f 2485// 285// 2516//
f 262// 2489// 2525//
f 2525// 2489// 2493//
f 2525// 2493// 264//
f 264// 2493// 2515//
f 264// 2515// 2526//
f 2526// 2515// 2514//
f 2526// 2514// 265//
f 265// 2514// 2513//
f 265// 2513// 2520//
f 2520// 2513// 2510//
f 2520// 2510// 226//
f 226// 2510// 2509//
f 226// 2509// 2517//
f 2517// 2509// 2508//
f 2517// 2508// 225//
f 225// 2508// 2497//
f 225// 2497// 2518//
f 2518// 2497// 2498//
f 2518// 2498// 238//
f 238// 2498// 2499//
f 238// 2499// 2521//
f 2521// 2499// 2507//
f 2521// 2507// 228//
f 228// 2507// 2506//
f 228// 2506// 2522//
f 2522// 2506// 2505//
f 2522// 2505// 230//
f 230// 2505// 2496//
f 230// 2496// 2519//
f 2519// 2496// 2495//
f 2519// 2495// 289//
f 289// 2495// 2494//
f 289// 2494// 2523//
f 2523// 2494// 2512//
f 2523// 2512// 288//
f 288// 2512// 2511//
f 288// 2511// 2524//
f 2524// 2511// 2504//
f 2524// 2504// 286//
f 286// 2504// 2503//
f 286// 2503// 2527//
f 2527// 2503// 2502//
f 2527// 2502// 285//
f 285// 2502// 2501//
f 285// 2501// 2516//
f 2516// 2501// 2500//
f 2516// 2500// 276//
f 276// 2500// 2483//
f 2528// 2529// 263//
f 263// 2529// 2530//
f 2529// 2531// 2530//
f 2530// 2531// 2532//
f 183// 2533// 2534//
f 2534// 2533// 2535//
f 2536// 2535// 2537//
f 2537// 2535// 2533//
f 2531// 2536// 2532//
f 2532// 2536// 2537//
f 2538// 2534// 2535//
f 2528// 2539// 2529//
f 2529// 2539// 2540//
f 2529// 2540// 2531//
f 2540// 2541// 2531//
f 2531// 2541// 2542//
f 2531// 2542// 2543//
f 2544// 2545// 2536//
f 2536// 2545// 2546//
f 2536// 2546// 2547//
f 2543// 2548// 2531//
f 2531// 2548// 2549//
f 2531// 2549// 2550//
f 2544// 2536// 2551//
f 2551// 2536// 2531//
f 2551// 2531// 2552//
f 2547// 2553// 2536//
f 2536// 2553// 2554//
f 2536// 2554// 2555//
f 2550// 2556// 2531//
f 2531// 2556// 2557//
f 2531// 2557// 2552//
f 2555// 2558// 2536//
f 2536// 2558// 2559//
f 2536// 2559// 2535//
f 2535// 2559// 2560//
f 2535// 2560// 2538//
f 2561// 263// 2530//
f 2562// 204// 2537//
f 2563// 180// 2537//
f 2563// 2537// 219//
f 180// 2564// 2537//
f 2537// 2564// 179//
f 2537// 179// 2562//
f 183// 2565// 2533//
f 2533// 2565// 182//
f 2533// 182// 2537//
f 2537// 182// 2566//
f 2537// 2566// 219//
f 204// 2567// 2537//
f 2537// 2567// 178//
f 2537// 178// 2532//
f 2532// 178// 2568//
f 2532// 2568// 177//
f 2569// 240// 2532//
f 2532// 240// 2570//
f 2570// 239// 2532//
f 2532// 239// 2571//
f 2532// 2571// 2530//
f 2530// 2571// 227//
f 2530// 227// 2561//
f 177// 2572// 2532//
f 2532// 2572// 241//
f 2532// 241// 2569//
f 183// 2534// 2565//
f 2565// 2534// 2538//
f 2565// 2538// 182//
f 182// 2538// 2560//
f 182// 2560// 2566//
f 2566// 2560// 2559//
f 2566// 2559// 219//
f 219// 2559// 2558//
f 219// 2558// 2563//
f 2563// 2558// 2555//
f 2563// 2555// 180//
f 180// 2555// 2554//
f 180// 2554// 2564//
f 2564// 2554// 2553//
f 2564// 2553// 179//
f 179// 2553// 2547//
f 179// 2547// 2562//
f 2562// 2547// 2546//
f 2562// 2546// 204//
f 204// 2546// 2545//
f 204// 2545// 2567//
f 2567// 2545// 2544//
f 2567// 2544// 178//
f 178// 2544// 2551//
f 178// 2551// 2568//
f 2568// 2551// 2552//
f 2568// 2552// 177//
f 177// 2552// 2557//
f 177// 2557// 2572//
f 2572// 2557// 2556//
f 2572// 2556// 241//
f 241// 2556// 2550//
f 241// 2550// 2569//
f 2569// 2550// 2549//
f 2569// 2549// 240//
f 240// 2549// 2548//
f 240// 2548// 2570//
f 2570// 2548// 2543//
f 2570// 2543// 239//
f 239// 2543// 2542//
f 239// 2542// 2571//
f 2571// 2542// 2541//
f 2571// 2541// 227//
f 227// 2541// 2540//
f 227// 2540// 2561//
f 2561// 2540// 2539//
f 2561// 2539// 263//
f 263// 2539// 2528//
f 2573// 2574// 184//
f 184// 2574// 2575//
f 2574// 2576// 2575//
f 2575// 2576// 2577//
f 189// 2578// 2579//
f 2579// 2578// 2580//
f 2581// 2580// 2582//
f 2582// 2580// 2578//
f 2576// 2581// 2577//
f 2577// 2581// 2582//
f 2583// 2579// 2580//
f 2573// 2584// 2574//
f 2574// 2584// 2585//
f 2574// 2585// 2576//
f 2585// 2586// 2576//
f 2576// 2586// 2587//
f 2576// 2587// 2588//
f 2589// 2590// 2581//
f 2581// 2590// 2591//
f 2581// 2591// 2592//
f 2588// 2593// 2576//
f 2576// 2593// 2594//
f 2576// 2594// 2595//
f 2589// 2581// 2596//
f 2596// 2581// 2576//
f 2596// 2576// 2597//
f 2592// 2598// 2581//
f 2581// 2598// 2599//
f 2581// 2599// 2600//
f 2595// 2601// 2576//
f 2576// 2601// 2602//
f 2576// 2602// 2597//
f 2600// 2603// 2581//
f 2581// 2603// 2604//
f 2581// 2604// 2580//
f 2580// 2604// 2605//
f 2580// 2605// 2583//
f 2606// 184// 2575//
f 2607// 187// 2582//
f 2608// 235// 2582//
f 2608// 2582// 234//
f 235// 2609// 2582//
f 2582// 2609// 236//
f 2582// 236// 2607//
f 189// 2610// 2578//
f 2578// 2610// 188//
f 2578// 188// 2582//
f 2582// 188// 2611//
f 2582// 2611// 234//
f 187// 2612// 2582//
f 2582// 2612// 186//
f 2582// 186// 2577//
f 2577// 186// 2613//
f 2577// 2613// 181//
f 2614// 218// 2577//
f 2577// 218// 2615//
f 2615// 217// 2577//
f 2577// 217// 2616//
f 2577// 2616// 2575//
f 2575// 2616// 216//
f 2575// 216// 2606//
f 181// 2617// 2577//
f 2577// 2617// 220//
f 2577// 220// 2614//
f 189// 2579// 2610//
f 2610// 2579// 2583//
f 2610// 2583// 188//
f 188// 2583// 2605//
f 188// 2605// 2611//
f 2611// 2605// 2604//
f 2611// 2604// 234//
f 234// 2604// 2603//
f 234// 2603// 2608//
f 2608// 2603// 2600//
f 2608// 2600// 235//
f 235// 2600// 2599//
f 235// 2599// 2609//
f 2609// 2599// 2598//
f 2609// 2598// 236//
f 236// 2598// 2592//
f 236// 2592// 2607//
f 2607// 2592// 2591//
f 2607// 2591// 187//
f 187// 2591// 2590//
f 187// 2590// 2612//
f 2612// 2590// 2589//
f 2612// 2589// 186//
f 186// 2589// 2596//
f 186// 2596// 2613//
f 2613// 2596// 2597//
f 2613// 2597// 181//
f 181// 2597// 2602//
f 181// 2602// 2617//
f 2617// 2602// 2601//
f 2617// 2601// 220//
f 220// 2601// 2595//
f 220// 2595// 2614//
f 2614// 2595// 2594//
f 2614// 2594// 218//
f 218// 2594// 2593//
f 218// 2593// 2615//
f 2615// 2593// 2588//
f 2615// 2588// 217//
f 217// 2588// 2587//
f 217// 2587// 2616//
f 2616// 2587// 2586//
f 2616// 2586// 216//
f 216// 2586// 2585//
f 216// 2585// 2606//
f 2606// 2585// 2584//
f 2606// 2584// 184//
f 184// 2584// 2573//
f 2618// 2619// 190//
f 190// 2619// 2620//
f 2619// 2621// 2620//
f 2620// 2621// 2622//
f 11// 2623// 2624//
f 2624// 2623// 2625//
f 2626// 2625// 2627//
f 2627// 2625// 2623//
f 2621// 2626// 2622//
f 2622// 2626// 2627//
f 2628// 2624// 2625//
f 2618// 2629// 2619//
f 2619// 2629// 2630//
f 2619// 2630// 2621//
f 2630// 2631// 2621//
f 2621// 2631// 2632//
f 2621// 2632// 2633//
f 2634// 2635// 2626//
f 2626// 2635// 2636//
f 2626// 2636// 2637//
f 2633// 2638// 2621//
f 2621// 2638// 2639//
f 2621// 2639// 2640//
f 2634// 2626// 2641//
f 2641// 2626// 2621//
f 2641// 2621// 2642//
f 2637// 2643// 2626//
f 2626// 2643// 2644//
f 2626// 2644// 2645//
f 2640// 2646// 2621//
f 2621// 2646// 2647//
f 2621// 2647// 2642//
f 2645// 2648// 2626//
f 2626// 2648// 2649//
f 2626// 2649// 2625//
f 2625// 2649// 2650//
f 2625// 2650// 2628//
f 2651// 190// 2620//
f 2652// 164// 2627//
f 2653// 197// 2627//
f 2653// 2627// 165//
f 197// 2654// 2627//
f 2627// 2654// 196//
f 2627// 196// 2652//
f 11// 2655// 2623//
f 2623// 2655// 10//
f 2623// 10// 2627//
f 2627// 10// 2656//
f 2627// 2656// 165//
f 164// 2657// 2627//
f 2627// 2657// 163//
f 2627// 163// 2622//
f 2622// 163// 2658//
f 2622// 2658// 205//
f 2659// 223// 2622//
f 2622// 223// 2660//
f 2660// 222// 2622//
f 2622// 222// 2661//
f 2622// 2661// 2620//
f 2620// 2661// 221//
f 2620// 221// 2651//
f 205// 2662// 2622//
f 2622// 2662// 233//
f 2622// 233// 2659//
f 11// 2624// 2655//
f 2655// 2624// 2628//
f 2655// 2628// 10//
f 10// 2628// 2650//
f 10// 2650// 2656//
f 2656// 2650// 2649//
f 2656// 2649// 165//
f 165// 2649// 2648//
f 165// 2648// 2653//
f 2653// 2648// 2645//
f 2653// 2645// 197//
f 197// 2645// 2644//
f 197// 2644// 2654//
f 2654// 2644// 2643//
f 2654// 2643// 196//
f 196// 2643// 2637//
f 196// 2637// 2652//
f 2652// 2637// 2636//
f 2652// 2636// 164//
f 164// 2636// 2635//
f 164// 2635// 2657//
f 2657// 2635// 2634//
f 2657// 2634// 163//
f 163// 2634// 2641//
f 163// 2641// 2658//
f 2658// 2641// 2642//
f 2658// 2642// 205//
f 205// 2642// 2647//
f 205// 2647// 2662//
f 2662// 2647// 2646//
f 2662// 2646// 233//
f 233// 2646// 2640//
f 233// 2640// 2659//
f 2659// 2640// 2639//
f 2659// 2639// 223//
f 223// 2639// 2638//
f 223// 2638// 2660//
f 2660// 2638// 2633//
f 2660// 2633// 222//
f 222// 2633// 2632//
f 222// 2632// 2661//
f 2661// 2632// 2631//
f 2661// 2631// 221//
f 221// 2631// 2630//
f 221// 2630// 2651//
f 2651// 2630// 2629//
f 2651// 2629// 190//
f 190// 2629// 2618//
f 2663// 2664// 452//
f 452// 2664// 2665//
f 431// 2666// 2667//
f 2667// 2666// 2668//
f 2669// 2668// 2670//
f 2670// 2668// 2666//
f 2671// 2669// 2672//
f 2672// 2669// 2670//
f 2664// 2671// 2665//
f 2665// 2671// 2672//
f 2673// 2674// 2671//
f 2671// 2674// 2675//
f 2671// 2675// 2676//
f 2669// 2677// 2678//
f 2676// 2679// 2671//
f 2671// 2679// 2680//
f 2671// 2680// 2681//
f 2681// 2682// 2671//
f 2671// 2682// 2683//
f 2671// 2683// 2669//
f 2669// 2683// 2684//
f 2669// 2684// 2677//
f 2668// 2669// 2685//
f 2663// 2686// 2664//
f 2664// 2686// 2687//
f 2664// 2687// 2671//
f 2671// 2687// 2688//
f 2671// 2688// 2673//
f 2678// 2689// 2669//
f 2669// 2689// 2690//
f 2669// 2690// 2691//
f 2685// 2692// 2668//
f 2668// 2692// 2693//
f 2668// 2693// 2667//
f 2691// 2694// 2669//
f 2669// 2694// 2695//
f 2669// 2695// 2685//
f 2696// 452// 2665//
f 2697// 2698// 2670//
f 2670// 2698// 2699//
f 2670// 2699// 2700//
f 431// 2701// 2666//
f 2666// 2701// 2702//
f 2666// 2702// 2670//
f 2670// 2702// 2703//
f 2670// 2703// 2704//
f 2700// 2705// 2670//
f 2670// 2705// 2706//
f 2670// 2706// 2672//
f 2672// 2706// 2707//
f 2672// 2707// 2708//
f 2709// 2710// 2672//
f 2672// 2710// 2711//
f 2704// 2712// 2670//
f 2670// 2712// 2713//
f 2670// 2713// 2697//
f 2708// 2714// 2672//
f 2672// 2714// 2715//
f 2672// 2715// 2709//
f 2711// 2716// 2672//
f 2672// 2716// 2717//
f 2672// 2717// 2665//
f 2665// 2717// 2718//
f 2665// 2718// 2696//
f 431// 2667// 2701//
f 2701// 2667// 2693//
f 2701// 2693// 2702//
f 2702// 2693// 2692//
f 2702// 2692// 2703//
f 2703// 2692// 2685//
f 2703// 2685// 2704//
f 2704// 2685// 2695//
f 2704// 2695// 2712//
f 2712// 2695// 2694//
f 2712// 2694// 2713//
f 2713// 2694// 2691//
f 2713// 2691// 2697//
f 2697// 2691// 2690//
f 2697// 2690// 2698//
f 2698// 2690// 2689//
f 2698// 2689// 2699//
f 2699// 2689// 2678//
f 2699// 2678// 2700//
f 2700// 2678// 2677//
f 2700// 2677// 2705//
f 2705// 2677// 2684//
f 2705// 2684// 2706//
f 2706// 2684// 2683//
f 2706// 2683// 2707//
f 2707// 2683// 2682//
f 2707// 2682// 2708//
f 2708// 2682// 2681//
f 2708// 2681// 2714//
f 2714// 2681// 2680//
f 2714// 2680// 2715//
f 2715// 2680// 2679//
f 2715// 2679// 2709//
f 2709// 2679// 2676//
f 2709// 2676// 2710//
f 2710// 2676// 2675//
f 2710// 2675// 2711//
f 2711// 2675// 2674//
f 2711// 2674// 2716//
f 2716// 2674// 2673//
f 2716// 2673// 2717//
f 2717// 2673// 2688//
f 2717// 2688// 2718//
f 2718// 2688// 2687//
f 2718// 2687// 2696//
f 2696// 2687// 2686//
f 2696// 2686// 452//
f 452// 2686// 2663//
f 2719// 2720// 432//
f 432// 2720// 2721//
f 447// 2722// 2723//
f 2723// 2722// 2724//
f 2725// 2724// 2726//
f 2726// 2724// 2722//
f 2727// 2725// 2728//
f 2728// 2725// 2726//
f 2720// 2727// 2721//
f 2721// 2727// 2728//
f 2729// 2730// 2727//
f 2727// 2730// 2731//
f 2727// 2731// 2732//
f 2725// 2733// 2734//
f 2732// 2735// 2727//
f 2727// 2735// 2736//
f 2727// 2736// 2737//
f 2737// 2738// 2727//
f 2727// 2738// 2739//
f 2727// 2739// 2725//
f 2725// 2739// 2740//
f 2725// 2740// 2733//
f 2724// 2725// 2741//
f 2719// 2742// 2720//
f 2720// 2742// 2743//
f 2720// 2743// 2727//
f 2727// 2743// 2744//
f 2727// 2744// 2729//
f 2734// 2745// 2725//
f 2725// 2745// 2746//
f 2725// 2746// 2747//
f 2741// 2748// 2724//
f 2724// 2748// 2749//
f 2724// 2749// 2723//
f 2747// 2750// 2725//
f 2725// 2750// 2751//
f 2725// 2751// 2741//
f 2752// 432// 2721//
f 2753// 2754// 2726//
f 2726// 2754// 2755//
f 2726// 2755// 2756//
f 447// 2757// 2722//
f 2722// 2757// 2758//
f 2722// 2758// 2726//
f 2726// 2758// 2759//
f 2726// 2759// 2760//
f 2756// 2761// 2726//
f 2726// 2761// 2762//
f 2726// 2762// 2728//
f 2728// 2762// 2763//
f 2728// 2763// 2764//
f 2765// 2766// 2728//
f 2728// 2766// 2767//
f 2760// 2768// 2726//
f 2726// 2768// 2769//
f 2726// 2769// 2753//
f 2764// 2770// 2728//
f 2728// 2770// 2771//
f 2728// 2771// 2765//
f 2767// 2772// 2728//
f 2728// 2772// 2773//
f 2728// 2773// 2721//
f 2721// 2773// 2774//
f 2721// 2774// 2752//
f 447// 2723// 2757//
f 2757// 2723// 2749//
f 2757// 2749// 2758//
f 2758// 2749// 2748//
f 2758// 2748// 2759//
f 2759// 2748// 2741//
f 2759// 2741// 2760//
f 2760// 2741// 2751//
f 2760// 2751// 2768//
f 2768// 2751// 2750//
f 2768// 2750// 2769//
f 2769// 2750// 2747//
f 2769// 2747// 2753//
f 2753// 2747// 2746//
f 2753// 2746// 2754//
f 2754// 2746// 2745//
f 2754// 2745// 2755//
f 2755// 2745// 2734//
f 2755// 2734// 2756//
f 2756// 2734// 2733//
f 2756// 2733// 2761//
f 2761// 2733// 2740//
f 2761// 2740// 2762//
f 2762// 2740// 2739//
f 2762// 2739// 2763//
f 2763// 2739// 2738//
f 2763// 2738// 2764//
f 2764// 2738// 2737//
f 2764// 2737// 2770//
f 2770// 2737// 2736//
f 2770// 2736// 2771//
f 2771// 2736// 2735//
f 2771// 2735// 2765//
f 2765// 2735// 2732//
f 2765// 2732// 2766//
f 2766// 2732// 2731//
f 2766// 2731// 2767//
f 2767// 2731// 2730//
f 2767// 2730// 2772//
f 2772// 2730// 2729//
f 2772// 2729// 2773//
f 2773// 2729// 2744//
f 2773// 2744// 2774//
f 2774// 2744// 2743//
f 2774// 2743// 2752//
f 2752// 2743// 2742//
f 2752// 2742// 432//
f 432// 2742// 2719//
f 2775// 2776// 448//
f 448// 2776// 2777//
f 440// 2778// 2779//
f 2779// 2778// 2780//
f 2781// 2780// 2782//
f 2782// 2780// 2778//
f 2783// 2781// 2784//
f 2784// 2781// 2782//
f 2776// 2783// 2777//
f 2777// 2783// 2784//
f 2785// 2786// 2783//
f 2783// 2786// 2787//
f 2783// 2787// 2788//
f 2781// 2789// 2790//
f 2788// 2791// 2783//
f 2783// 2791// 2792//
f 2783// 2792// 2793//
f 2793// 2794// 2783//
f 2783// 2794// 2795//
f 2783// 2795// 2781//
f 2781// 2795// 2796//
f 2781// 2796// 2789//
f 2780// 2781// 2797//
f 2775// 2798// 2776//
f 2776// 2798// 2799//
f 2776// 2799// 2783//
f 2783// 2799// 2800//
f 2783// 2800// 2785//
f 2790// 2801// 2781//
f 2781// 2801// 2802//
f 2781// 2802// 2803//
f 2797// 2804// 2780//
f 2780// 2804// 2805//
f 2780// 2805// 2779//
f 2803// 2806// 2781//
f 2781// 2806// 2807//
f 2781// 2807// 2797//
f 2808// 448// 2777//
f 2809// 2810// 2782//
f 2782// 2810// 2811//
f 2782// 2811// 2812//
f 440// 2813// 2778//
f 2778// 2813// 2814//
f 2778// 2814// 2782//
f 2782// 2814// 2815//
f 2782// 2815// 2816//
f 2812// 2817// 2782//
f 2782// 2817// 2818//
f 2782// 2818// 2784//
f 2784// 2818// 2819//
f 2784// 2819// 2820//
f 2821// 2822// 2784//
f 2784// 2822// 2823//
f 2816// 2824// 2782//
f 2782// 2824// 2825//
f 2782// 2825// 2809//
f 2820// 2826// 2784//
f 2784// 2826// 2827//
f 2784// 2827// 2821//
f 2823// 2828// 2784//
f 2784// 2828// 2829//
f 2784// 2829// 2777//
f 2777// 2829// 2830//
f 2777// 2830// 2808//
f 440// 2779// 2813//
f 2813// 2779// 2805//
f 2813// 2805// 2814//
f 2814// 2805// 2804//
f 2814// 2804// 2815//
f 2815// 2804// 2797//
f 2815// 2797// 2816//
f 2816// 2797// 2807//
f 2816// 2807// 2824//
f 2824// 2807// 2806//
f 2824// 2806// 2825//
f 2825// 2806// 2803//
f 2825// 2803// 2809//
f 2809// 2803// 2802//
f 2809// 2802// 2810//
f 2810// 2802// 2801//
f 2810// 2801// 2811//
f 2811// 2801// 2790//
f 2811// 2790// 2812//
f 2812// 2790// 2789//
f 2812// 2789// 2817//
f 2817// 2789// 2796//
f 2817// 2796// 2818//
f 2818// 2796// 2795//
f 2818// 2795// 2819//
f 2819// 2795// 2794//
f 2819// 2794// 2820//
f 2820// 2794// 2793//
f 2820// 2793// 2826//
f 2826// 2793// 2792//
f 2826// 2792// 2827//
f 2827// 2792// 2791//
f 2827// 2791// 2821//
f 2821// 2791// 2788//
f 2821// 2788// 2822//
f 2822// 2788// 2787//
f 2822// 2787// 2823//
f 2823// 2787// 2786//
f 2823// 2786// 2828//
f 2828// 2786// 2785//
f 2828// 2785// 2829//
f 2829// 2785// 2800//
f 2829// 2800// 2830//
f 2830// 2800// 2799//
f 2830// 2799// 2808//
f 2808// 2799// 2798//
f 2808// 2798// 448//
f 448// 2798// 2775//
f 2831// 2832// 441//
f 441// 2832// 2833//
f 480// 2834// 2835//
f 2835// 2834// 2836//
f 2837// 2836// 2838//
f 2838// 2836// 2834//
f 2839// 2837// 2840//
f 2840// 2837// 2838//
f 2832// 2839// 2833//
f 2833// 2839// 2840//
f 2841// 2835// 2836//
f 2842// 2837// 2843//
f 2843// 2837// 2844//
f 2845// 2846// 2839//
f 2839// 2846// 2847//
f 2839// 2847// 2848//
f 2848// 2849// 2839//
f 2839// 2849// 2850//
f 2839// 2850// 2851//
f 2842// 2852// 2837//
f 2837// 2852// 2853//
f 2837// 2853// 2854//
f 2831// 2855// 2832//
f 2832// 2855// 2856//
f 2832// 2856// 2839//
f 2839// 2856// 2857//
f 2839// 2857// 2845//
f 2851// 2858// 2839//
f 2839// 2858// 2859//
f 2839// 2859// 2837//
f 2837// 2859// 2860//
f 2837// 2860// 2844//
f 2854// 2861// 2837//
f 2837// 2861// 2862//
f 2837// 2862// 2836//
f 2836// 2862// 2863//
f 2836// 2863// 2841//
f 2864// 441// 2833//
f 2865// 2866// 2838//
f 2838// 2866// 2867//
f 2838// 2867// 2868//
f 2869// 2870// 2840//
f 2840// 2870// 2871//
f 2871// 2872// 2840//
f 2840// 2872// 2873//
f 2840// 2873// 2874//
f 2875// 2876// 2838//
f 2838// 2876// 2877//
f 2838// 2877// 2865//
f 2874// 2878// 2840//
f 2840// 2878// 2879//
f 2840// 2879// 2833//
f 2833// 2879// 2880//
f 2833// 2880// 2864//
f 480// 2881// 2834//
f 2834// 2881// 2882//
f 2834// 2882// 2838//
f 2838// 2882// 2883//
f 2838// 2883// 2875//
f 2868// 2884// 2838//
f 2838// 2884// 2885//
f 2838// 2885// 2840//
f 2840// 2885// 2886//
f 2840// 2886// 2869//
f 480// 2835// 2881//
f 2881// 2835// 2841//
f 2881// 2841// 2882//
f 2882// 2841// 2863//
f 2882// 2863// 2883//
f 2883// 2863// 2862//
f 2883// 2862// 2875//
f 2875// 2862// 2861//
f 2875// 2861// 2876//
f 2876// 2861// 2854//
f 2876// 2854// 2877//
f 2877// 2854// 2853//
f 2877// 2853// 2865//
f 2865// 2853// 2852//
f 2865// 2852// 2866//
f 2866// 2852// 2842//
f 2866// 2842// 2867//
f 2867// 2842// 2843//
f 2867// 2843// 2868//
f 2868// 2843// 2844//
f 2868// 2844// 2884//
f 2884// 2844// 2860//
f 2884// 2860// 2885//
f 2885// 2860// 2859//
f 2885// 2859// 2886//
f 2886// 2859// 2858//
f 2886// 2858// 2869//
f 2869// 2858// 2851//
f 2869// 2851// 2870//
f 2870// 2851// 2850//
f 2870// 2850// 2871//
f 2871// 2850// 2849//
f 2871// 2849// 2872//
f 2872// 2849// 2848//
f 2872// 2848// 2873//
f 2873// 2848// 2847//
f 2873// 2847// 2874//
f 2874// 2847// 2846//
f 2874// 2846// 2878//
f 2878// 2846// 2845//
f 2878// 2845// 2879//
f 2879// 2845// 2857//
f 2879// 2857// 2880//
f 2880// 2857// 2856//
f 2880// 2856// 2864//
f 2864// 2856// 2855//
f 2864// 2855// 441//
f 441// 2855// 2831//
f 2887// 2888// 481//
f 481// 2888// 2889//
f 496// 2890// 2891//
f 2891// 2890// 2892//
f 2893// 2892// 2894//
f 2894// 2892// 2890//
f 2895// 2893// 2896//
f 2896// 2893// 2894//
f 2888// 2895// 2889//
f 2889// 2895// 2896//
f 2897// 2891// 2892//
f 2898// 2893// 2899//
f 2899// 2893// 2900//
f 2901// 2902// 2895//
f 2895// 2902// 2903//
f 2895// 2903// 2904//
f 2904// 2905// 2895//
f 2895// 2905// 2906//
f 2895// 2906// 2907//
f 2898// 2908// 2893//
f 2893// 2908// 2909//
f 2893// 2909// 2910//
f 2887// 2911// 2888//
f 2888// 2911// 2912//
f 2888// 2912// 2895//
f 2895// 2912// 2913//
f 2895// 2913// 2901//
f 2907// 2914// 2895//
f 2895// 2914// 2915//
f 2895// 2915// 2893//
f 2893// 2915// 2916//
f 2893// 2916// 2900//
f 2910// 2917// 2893//
f 2893// 2917// 2918//
f 2893// 2918// 2892//
f 2892// 2918// 2919//
f 2892// 2919// 2897//
f 2920// 481// 2889//
f 2921// 2922// 2894//
f 2894// 2922// 2923//
f 2894// 2923// 2924//
f 2925// 2926// 2896//
f 2896// 2926// 2927//
f 2927// 2928// 2896//
f 2896// 2928// 2929//
f 2896// 2929// 2930//
f 2931// 2932// 2894//
f 2894// 2932// 2933//
f 2894// 2933// 2921//
f 2930// 2934// 2896//
f 2896// 2934// 2935//
f 2896// 2935// 2889//
f 2889// 2935// 2936//
f 2889// 2936// 2920//
f 496// 2937// 2890//
f 2890// 2937// 2938//
f 2890// 2938// 2894//
f 2894// 2938// 2939//
f 2894// 2939// 2931//
f 2924// 2940// 2894//
f 2894// 2940// 2941//
f 2894// 2941// 2896//
f 2896// 2941// 2942//
f 2896// 2942// 2925//
f 496// 2891// 2937//
f 2937// 2891// 2897//
f 2937// 2897// 2938//
f 2938// 2897// 2919//
f 2938// 2919// 2939//
f 2939// 2919// 2918//
f 2939// 2918// 2931//
f 2931// 2918// 2917//
f 2931// 2917// 2932//
f 2932// 2917// 2910//
f 2932// 2910// 2933//
f 2933// 2910// 2909//
f 2933// 2909// 2921//
f 2921// 2909// 2908//
f 2921// 2908// 2922//
f 2922// 2908// 2898//
f 2922// 2898// 2923//
f 2923// 2898// 2899//
f 2923// 2899// 2924//
f 2924// 2899// 2900//
f 2924// 2900// 2940//
f 2940// 2900// 2916//
f 2940// 2916// 2941//
f 2941// 2916// 2915//
f 2941// 2915// 2942//
f 2942// 2915// 2914//
f 2942// 2914// 2925//
f 2925// 2914// 2907//
f 2925// 2907// 2926//
f 2926// 2907// 2906//
f 2926// 2906// 2927//
f 2927// 2906// 2905//
f 2927// 2905// 2928//
f 2928// 2905// 2904//
f 2928// 2904// 2929//
f 2929// 2904// 2903//
f 2929// 2903// 2930//
f 2930// 2903// 2902//
f 2930// 2902// 2934//
f 2934// 2902// 2901//
f 2934// 2901// 2935//
f 2935// 2901// 2913//
f 2935// 2913// 2936//
f 2936// 2913// 2912//
f 2936// 2912// 2920//
f 2920// 2912// 2911//
f 2920// 2911// 481//
f 481// 2911// 2887//
f 2943// 2944// 497//
f 497// 2944// 2945//
f 417// 2946// 2947//
f 2947// 2946// 2948//
f 2949// 2948// 2950//
f 2950// 2948// 2946//
f 2951// 2949// 2952//
f 2952// 2949// 2950//
f 2944// 2951// 2945//
f 2945// 2951// 2952//
f 2953// 2947// 2948//
f 2954// 2949// 2955//
f 2955// 2949// 2956//
f 2957// 2958// 2951//
f 2951// 2958// 2959//
f 2951// 2959// 2960//
f 2960// 2961// 2951//
f 2951// 2961// 2962//
f 2951// 2962// 2963//
f 2954// 2964// 2949//
f 2949// 2964// 2965//
f 2949// 2965// 2966//
f 2943// 2967// 2944//
f 2944// 2967// 2968//
f 2944// 2968// 2951//
f 2951// 2968// 2969//
f 2951// 2969// 2957//
f 2963// 2970// 2951//
f 2951// 2970// 2971//
f 2951// 2971// 2949//
f 2949// 2971// 2972//
f 2949// 2972// 2956//
f 2966// 2973// 2949//
f 2949// 2973// 2974//
f 2949// 2974// 2948//
f 2948// 2974// 2975//
f 2948// 2975// 2953//
f 2976// 497// 2945//
f 2977// 2978// 2950//
f 2950// 2978// 2979//
f 2950// 2979// 2980//
f 2981// 2982// 2952//
f 2952// 2982// 2983//
f 2983// 2984// 2952//
f 2952// 2984// 2985//
f 2952// 2985// 2986//
f 2987// 2988// 2950//
f 2950// 2988// 2989//
f 2950// 2989// 2977//
f 2986// 2990// 2952//
f 2952// 2990// 2991//
f 2952// 2991// 2945//
f 2945// 2991// 2992//
f 2945// 2992// 2976//
f 417// 2993// 2946//
f 2946// 2993// 2994//
f 2946// 2994// 2950//
f 2950// 2994// 2995//
f 2950// 2995// 2987//
f 2980// 2996// 2950//
f 2950// 2996// 2997//
f 2950// 2997// 2952//
f 2952// 2997// 2998//
f 2952// 2998// 2981//
f 417// 2947// 2993//
f 2993// 2947// 2953//
f 2993// 2953// 2994//
f 2994// 2953// 2975//
f 2994// 2975// 2995//
f 2995// 2975// 2974//
f 2995// 2974// 2987//
f 2987// 2974// 2973//
f 2987// 2973// 2988//
f 2988// 2973// 2966//
f 2988// 2966// 2989//
f 2989// 2966// 2965//
f 2989// 2965// 2977//
f 2977// 2965// 2964//
f 2977// 2964// 2978//
f 2978// 2964// 2954//
f 2978// 2954// 2979//
f 2979// 2954// 2955//
f 2979// 2955// 2980//
f 2980// 2955// 2956//
f 2980// 2956// 2996//
f 2996// 2956// 2972//
f 2996// 2972// 2997//
f 2997// 2972// 2971//
f 2997// 2971// 2998//
f 2998// 2971// 2970//
f 2998// 2970// 2981//
f 2981// 2970// 2963//
f 2981// 2963// 2982//
f 2982// 2963// 2962//
f 2982// 2962// 2983//
f 2983// 2962// 2961//
f 2983// 2961// 2984//
f 2984// 2961// 2960//
f 2984// 2960// 2985//
f 2985// 2960// 2959//
f 2985// 2959// 2986//
f 2986// 2959// 2958//
f 2986// 2958// 2990//
f 2990// 2958// 2957//
f 2990// 2957// 2991//
f 2991// 2957// 2969//
f 2991// 2969// 2992//
f 2992// 2969// 2968//
f 2992// 2968// 2976//
f 2976// 2968// 2967//
f 2976// 2967// 497//
f 497// 2967// 2943//
f 2999// 3000// 418//
f 418// 3000// 3001//
f 98// 3002// 3003//
f 3003// 3002// 3004//
f 3005// 3004// 3006//
f 3006// 3004// 3002//
f 3007// 3005// 3008//
f 3008// 3005// 3006//
f 3000// 3007// 3001//
f 3001// 3007// 3008//
f 3009// 3003// 3004//
f 3010// 3011// 3007//
f 3012// 3007// 3013//
f 3013// 3007// 3014//
f 2999// 3015// 3000//
f 3000// 3015// 3016//
f 3000// 3016// 3007//
f 3007// 3016// 3017//
f 3007// 3017// 3010//
f 3011// 3018// 3007//
f 3007// 3018// 3019//
f 3007// 3019// 3014//
f 3020// 3005// 3021//
f 3021// 3005// 3007//
f 3021// 3007// 3022//
f 3022// 3007// 3012//
f 3020// 3023// 3005//
f 3005// 3023// 3024//
f 3005// 3024// 3025//
f 3025// 3026// 3005//
f 3005// 3026// 3027//
f 3005// 3027// 3028//
f 3028// 3029// 3005//
f 3005// 3029// 3030//
f 3005// 3030// 3004//
f 3004// 3030// 3031//
f 3004// 3031// 3009//
f 3032// 418// 3001//
f 3033// 3034// 3006//
f 3006// 3034// 3035//
f 3006// 3035// 3036//
f 3037// 3038// 3006//
f 3006// 3038// 3039//
f 3006// 3039// 3033//
f 3036// 3040// 3006//
f 3006// 3040// 3041//
f 3006// 3041// 3008//
f 3008// 3041// 3042//
f 3042// 3043// 3008//
f 3008// 3043// 3044//
f 3008// 3044// 3045//
f 98// 3046// 3002//
f 3002// 3046// 3047//
f 3002// 3047// 3006//
f 3006// 3047// 3048//
f 3006// 3048// 3037//
f 3045// 3049// 3008//
f 3008// 3049// 3050//
f 3008// 3050// 3051//
f 3051// 3052// 3008//
f 3008// 3052// 3053//
f 3008// 3053// 3001//
f 3001// 3053// 3054//
f 3001// 3054// 3032//
f 98// 3003// 3046//
f 3046// 3003// 3009//
f 3046// 3009// 3047//
f 3047// 3009// 3031//
f 3047// 3031// 3048//
f 3048// 3031// 3030//
f 3048// 3030// 3037//
f 3037// 3030// 3029//
f 3037// 3029// 3038//
f 3038// 3029// 3028//
f 3038// 3028// 3039//
f 3039// 3028// 3027//
f 3039// 3027// 3033//
f 3033// 3027// 3026//
f 3033// 3026// 3034//
f 3034// 3026// 3025//
f 3034// 3025// 3035//
f 3035// 3025// 3024//
f 3035// 3024// 3036//
f 3036// 3024// 3023//
f 3036// 3023// 3040//
f 3040// 3023// 3020//
f 3040// 3020// 3041//
f 3041// 3020// 3021//
f 3041// 3021// 3042//
f 3042// 3021// 3022//
f 3042// 3022// 3043//
f 3043// 3022// 3012//
f 3043// 3012// 3044//
f 3044// 3012// 3013//
f 3044// 3013// 3045//
f 3045// 3013// 3014//
f 3045// 3014// 3049//
f 3049// 3014// 3019//
f 3049// 3019// 3050//
f 3050// 3019// 3018//
f 3050// 3018// 3051//
f 3051// 3018// 3011//
f 3051// 3011// 3052//
f 3052// 3011// 3010//
f 3052// 3010// 3053//
f 3053// 3010// 3017//
f 3053// 3017// 3054//
f 3054// 3017// 3016//
f 3054// 3016// 3032//
f 3032// 3016// 3015//
f 3032// 3015// 418//
f 418// 3015// 2999//
f 3055// 3056// 99//
f 99// 3056// 3057//
f 123// 3058// 3059//
f 3059// 3058// 3060//
f 3061// 3060// 3062//
f 3062// 3060// 3058//
f 3063// 3061// 3064//
f 3064// 3061// 3062//
f 3056// 3063// 3057//
f 3057// 3063// 3064//
f 3065// 3059// 3060//
f 3066// 3067// 3063//
f 3068// 3063// 3069//
f 3069// 3063// 3070//
f 3055// 3071// 3056//
f 3056// 3071// 3072//
f 3056// 3072// 3063//
f 3063// 3072// 3073//
f 3063// 3073// 3066//
f 3067// 3074// 3063//
f 3063// 3074// 3075//
f 3063// 3075// 3070//
f 3076// 3061// 3077//
f 3077// 3061// 3063//
f 3077// 3063// 3078//
f 3078// 3063// 3068//
f 3076// 3079// 3061//
f 3061// 3079// 3080//
f 3061// 3080// 3081//
f 3081// 3082// 3061//
f 3061// 3082// 3083//
f 3061// 3083// 3084//
f 3084// 3085// 3061//
f 3061// 3085// 3086//
f 3061// 3086// 3060//
f 3060// 3086// 3087//
f 3060// 3087// 3065//
f 3088// 99// 3057//
f 3089// 3090// 3062//
f 3062// 3090// 3091//
f 3062// 3091// 3092//
f 3093// 3094// 3062//
f 3062// 3094// 3095//
f 3062// 3095// 3089//
f 3092// 3096// 3062//
f 3062// 3096// 3097//
f 3062// 3097// 3064//
f 3064// 3097// 3098//
f 3098// 3099// 3064//
f 3064// 3099// 3100//
f 3064// 3100// 3101//
f 123// 3102// 3058//
f 3058// 3102// 3103//
f 3058// 3103// 3062//
f 3062// 3103// 3104//
f 3062// 3104// 3093//
f 3101// 3105// 3064//
f 3064// 3105// 3106//
f 3064// 3106// 3107//
f 3107// 3108// 3064//
f 3064// 3108// 3109//
f 3064// 3109// 3057//
f 3057// 3109// 3110//
f 3057// 3110// 3088//
f 123// 3059// 3102//
f 3102// 3059// 3065//
f 3102// 3065// 3103//
f 3103// 3065// 3087//
f 3103// 3087// 3104//
f 3104// 3087// 3086//
f 3104// 3086// 3093//
f 3093// 3086// 3085//
f 3093// 3085// 3094//
f 3094// 3085// 3084//
f 3094// 3084// 3095//
f 3095// 3084// 3083//
f 3095// 3083// 3089//
f 3089// 3083// 3082//
f 3089// 3082// 3090//
f 3090// 3082// 3081//
f 3090// 3081// 3091//
f 3091// 3081// 3080//
f 3091// 3080// 3092//
f 3092// 3080// 3079//
f 3092// 3079// 3096//
f 3096// 3079// 3076//
f 3096// 3076// 3097//
f 3097// 3076// 3077//
f 3097// 3077// 3098//
f 3098// 3077// 3078//
f 3098// 3078// 3099//
f 3099// 3078// 3068//
f 3099// 3068// 3100//
f 3100// 3068// 3069//
f 3100// 3069// 3101//
f 3101// 3069// 3070//
f 3101// 3070// 3105//
f 3105// 3070// 3075//
f 3105// 3075// 3106//
f 3106// 3075// 3074//
f 3106// 3074// 3107//
f 3107// 3074// 3067//
f 3107// 3067// 3108//
f 3108// 3067// 3066//
f 3108// 3066// 3109//
f 3109// 3066// 3073//
f 3109// 3073// 3110//
f 3110// 3073// 3072//
f 3110// 3072// 3088//
f 3088// 3072// 3071//
f 3088// 3071// 99//
f 99// 3071// 3055//
f 3111// 3112// 124//
f 124// 3112// 3113//
f 136// 3114// 3115//
f 3115// 3114// 3116//
f 3117// 3116// 3118//
f 3118// 3116// 3114//
f 3119// 3117// 3120//
f 3120// 3117// 3118//
f 3112// 3119// 3113//
f 3113// 3119// 3120//
f 3121// 3115// 3116//
f 3122// 3123// 3117//
f 3117// 3123// 3124//
f 3117// 3124// 3125//
f 3126// 3127// 3119//
f 3127// 3128// 3119//
f 3119// 3128// 3129//
f 3119// 3129// 3130//
f 3122// 3117// 3131//
f 3131// 3117// 3119//
f 3131// 3119// 3132//
f 3125// 3133// 3117//
f 3117// 3133// 3134//
f 3117// 3134// 3135//
f 3111// 3136// 3112//
f 3112// 3136// 3137//
f 3112// 3137// 3119//
f 3119// 3137// 3138//
f 3119// 3138// 3126//
f 3130// 3139// 3119//
f 3119// 3139// 3140//
f 3119// 3140// 3132//
f 3135// 3141// 3117//
f 3117// 3141// 3142//
f 3117// 3142// 3116//
f 3116// 3142// 3143//
f 3116// 3143// 3121//
f 3144// 124// 3113//
f 3145// 3146// 3118//
f 3118// 3146// 3147//
f 3118// 3147// 3148//
f 3149// 3150// 3118//
f 3118// 3150// 3151//
f 3118// 3151// 3145//
f 3148// 3152// 3118//
f 3118// 3152// 3153//
f 3118// 3153// 3120//
f 3120// 3153// 3154//
f 3154// 3155// 3120//
f 3120// 3155// 3156//
f 3120// 3156// 3157//
f 3157// 3158// 3120//
f 3120// 3158// 3159//
f 3120// 3159// 3160//
f 3160// 3161// 3120//
f 3120// 3161// 3162//
f 3120// 3162// 3113//
f 3113// 3162// 3163//
f 3113// 3163// 3144//
f 136// 3164// 3114//
f 3114// 3164// 3165//
f 3114// 3165// 3118//
f 3118// 3165// 3166//
f 3118// 3166// 3149//
f 136// 3115// 3164//
f 3164// 3115// 3121//
f 3164// 3121// 3165//
f 3165// 3121// 3143//
f 3165// 3143// 3166//
f 3166// 3143// 3142//
f 3166// 3142// 3149//
f 3149// 3142// 3141//
f 3149// 3141// 3150//
f 3150// 3141// 3135//
f 3150// 3135// 3151//
f 3151// 3135// 3134//
f 3151// 3134// 3145//
f 3145// 3134// 3133//
f 3145// 3133// 3146//
f 3146// 3133// 3125//
f 3146// 3125// 3147//
f 3147// 3125// 3124//
f 3147// 3124// 3148//
f 3148// 3124// 3123//
f 3148// 3123// 3152//
f 3152// 3123// 3122//
f 3152// 3122// 3153//
f 3153// 3122// 3131//
f 3153// 3131// 3154//
f 3154// 3131// 3132//
f 3154// 3132// 3155//
f 3155// 3132// 3140//
f 3155// 3140// 3156//
f 3156// 3140// 3139//
f 3156// 3139// 3157//
f 3157// 3139// 3130//
f 3157// 3130// 3158//
f 3158// 3130// 3129//
f 3158// 3129// 3159//
f 3159// 3129// 3128//
f 3159// 3128// 3160//
f 3160// 3128// 3127//
f 3160// 3127// 3161//
f 3161// 3127// 3126//
f 3161// 3126// 3162//
f 3162// 3126// 3138//
f 3162// 3138// 3163//
f 3163// 3138// 3137//
f 3163// 3137// 3144//
f 3144// 3137// 3136//
f 3144// 3136// 124//
f 124// 3136// 3111//
f 3167// 3168// 137//
f 137// 3168// 3169//
f 159// 3170// 3171//
f 3171// 3170// 3172//
f 3173// 3172// 3174//
f 3174// 3172// 3170//
f 3175// 3173// 3176//
f 3176// 3173// 3174//
f 3168// 3175// 3169//
f 3169// 3175// 3176//
f 3177// 3171// 3172//
f 3178// 3179// 3175//
f 3175// 3179// 3180//
f 3175// 3180// 3181//
f 3181// 3182// 3175//
f 3175// 3182// 3183//
f 3175// 3183// 3184//
f 3185// 3173// 3186//
f 3186// 3173// 3175//
f 3186// 3175// 3187//
f 3187// 3175// 3184//
f 3185// 3188// 3173//
f 3173// 3188// 3189//
f 3173// 3189// 3190//
f 3167// 3191// 3168//
f 3168// 3191// 3192//
f 3168// 3192// 3175//
f 3175// 3192// 3193//
f 3175// 3193// 3178//
f 3190// 3194// 3173//
f 3173// 3194// 3195//
f 3173// 3195// 3196//
f 3196// 3197// 3173//
f 3173// 3197// 3198//
f 3173// 3198// 3172//
f 3172// 3198// 3199//
f 3172// 3199// 3177//
f 3200// 137// 3169//
f 3201// 3202// 3174//
f 3174// 3202// 3203//
f 3174// 3203// 3204//
f 3204// 3205// 3174//
f 3174// 3205// 3206//
f 3174// 3206// 3207//
f 3207// 3208// 3174//
f 3174// 3208// 3209//
f 3174// 3209// 3176//
f 3176// 3209// 3210//
f 3210// 3211// 3176//
f 3176// 3211// 3212//
f 3176// 3212// 3213//
f 3213// 3214// 3176//
f 3176// 3214// 3215//
f 3176// 3215// 3216//
f 159// 3217// 3170//
f 3170// 3217// 3218//
f 3170// 3218// 3174//
f 3174// 3218// 3219//
f 3174// 3219// 3201//
f 3216// 3220// 3176//
f 3176// 3220// 3221//
f 3176// 3221// 3169//
f 3169// 3221// 3222//
f 3169// 3222// 3200//
f 159// 3171// 3217//
f 3217// 3171// 3177//
f 3217// 3177// 3218//
f 3218// 3177// 3199//
f 3218// 3199// 3219//
f 3219// 3199// 3198//
f 3219// 3198// 3201//
f 3201// 3198// 3197//
f 3201// 3197// 3202//
f 3202// 3197// 3196//
f 3202// 3196// 3203//
f 3203// 3196// 3195//
f 3203// 3195// 3204//
f 3204// 3195// 3194//
f 3204// 3194// 3205//
f 3205// 3194// 3190//
f 3205// 3190// 3206//
f 3206// 3190// 3189//
f 3206// 3189// 3207//
f 3207// 3189// 3188//
f 3207// 3188// 3208//
f 3208// 3188// 3185//
f 3208// 3185// 3209//
f 3209// 3185// 3186//
f 3209// 3186// 3210//
f 3210// 3186// 3187//
f 3210// 3187// 3211//
f 3211// 3187// 3184//
f 3211// 3184// 3212//
f 3212// 3184// 3183//
f 3212// 3183// 3213//
f 3213// 3183// 3182//
f 3213// 3182// 3214//
f 3214// 3182// 3181//
f 3214// 3181// 3215//
f 3215// 3181// 3180//
f 3215// 3180// 3216//
f 3216// 3180// 3179//
f 3216// 3179// 3220//
f 3220// 3179// 3178//
f 3220// 3178// 3221//
f 3221// 3178// 3193//
f 3221// 3193// 3222//
f 3222// 3193// 3192//
f 3222// 3192// 3200//
f 3200// 3192// 3191//
f 3200// 3191// 137//
f 137// 3191// 3167//
f 3223// 3224// 160//
f 160// 3224// 3225//
f 152// 3226// 3227//
f 3227// 3226// 3228//
f 3229// 3228// 3230//
f 3230// 3228// 3226//
f 3231// 3229// 3232//
f 3232// 3229// 3230//
f 3224// 3231// 3225//
f 3225// 3231// 3232//
f 3233// 3227// 3228//
f 3234// 3235// 3229//
f 3229// 3235// 3236//
f 3237// 3238// 3231//
f 3238// 3239// 3231//
f 3231// 3239// 3240//
f 3231// 3240// 3241//
f 3234// 3229// 3242//
f 3242// 3229// 3231//
f 3242// 3231// 3243//
f 3236// 3244// 3229//
f 3229// 3244// 3245//
f 3229// 3245// 3246//
f 3229// 3247// 3228//
f 3228// 3247// 3248//
f 3228// 3248// 3233//
f 3223// 3249// 3224//
f 3224// 3249// 3250//
f 3224// 3250// 3231//
f 3231// 3250// 3251//
f 3231// 3251// 3237//
f 3241// 3252// 3231//
f 3231// 3252// 3253//
f 3231// 3253// 3243//
f 3246// 3254// 3229//
f 3229// 3254// 3255//
f 3229// 3255// 3247//
f 3256// 160// 3225//
f 3257// 3258// 3230//
f 3230// 3258// 3259//
f 3230// 3259// 3260//
f 3260// 3261// 3230//
f 3230// 3261// 3262//
f 3230// 3262// 3232//
f 3232// 3262// 3263//
f 3263// 3264// 3232//
f 3232// 3264// 3265//
f 3232// 3265// 3266//
f 3266// 3267// 3232//
f 3232// 3267// 3268//
f 3232// 3268// 3269//
f 152// 3270// 3226//
f 3226// 3270// 3271//
f 3226// 3271// 3230//
f 3230// 3271// 3272//
f 3230// 3272// 3273//
f 3269// 3274// 3232//
f 3232// 3274// 3275//
f 3232// 3275// 3225//
f 3225// 3275// 3276//
f 3225// 3276// 3256//
f 3273// 3277// 3230//
f 3230// 3277// 3278//
f 3230// 3278// 3257//
f 152// 3227// 3270//
f 3270// 3227// 3233//
f 3270// 3233// 3271//
f 3271// 3233// 3248//
f 3271// 3248// 3272//
f 3272// 3248// 3247//
f 3272// 3247// 3273//
f 3273// 3247// 3255//
f 3273// 3255// 3277//
f 3277// 3255// 3254//
f 3277// 3254// 3278//
f 3278// 3254// 3246//
f 3278// 3246// 3257//
f 3257// 3246// 3245//
f 3257// 3245// 3258//
f 3258// 3245// 3244//
f 3258// 3244// 3259//
f 3259// 3244// 3236//
f 3259// 3236// 3260//
f 3260// 3236// 3235//
f 3260// 3235// 3261//
f 3261// 3235// 3234//
f 3261// 3234// 3262//
f 3262// 3234// 3242//
f 3262// 3242// 3263//
f 3263// 3242// 3243//
f 3263// 3243// 3264//
f 3264// 3243// 3253//
f 3264// 3253// 3265//
f 3265// 3253// 3252//
f 3265// 3252// 3266//
f 3266// 3252// 3241//
f 3266// 3241// 3267//
f 3267// 3241// 3240//
f 3267// 3240// 3268//
f 3268// 3240// 3239//
f 3268// 3239// 3269//
f 3269// 3239// 3238//
f 3269// 3238// 3274//
f 3274// 3238// 3237//
f 3274// 3237// 3275//
f 3275// 3237// 3251//
f 3275// 3251// 3276//
f 3276// 3251// 3250//
f 3276// 3250// 3256//
f 3256// 3250// 3249//
f 3256// 3249// 160//
f 160// 3249// 3223//
f 3279// 3280// 153//
f 153// 3280// 3281//
f 58// 3282// 3283//
f 3283// 3282// 3284//
f 3285// 3284// 3286//
f 3286// 3284// 3282//
f 3287// 3285// 3288//
f 3288// 3285// 3286//
f 3280// 3287// 3281//
f 3281// 3287// 3288//
f 3289// 3283// 3284//
f 3290// 3291// 3287//
f 3292// 3287// 3293//
f 3293// 3287// 3294//
f 3279// 3295// 3280//
f 3280// 3295// 3296//
f 3280// 3296// 3287//
f 3287// 3296// 3297//
f 3287// 3297// 3290//
f 3291// 3298// 3287//
f 3287// 3298// 3299//
f 3287// 3299// 3294//
f 3300// 3285// 3301//
f 3301// 3285// 3287//
f 3301// 3287// 3302//
f 3302// 3287// 3292//
f 3300// 3303// 3285//
f 3285// 3303// 3304//
f 3285// 3304// 3305//
f 3305// 3306// 3285//
f 3285// 3306// 3307//
f 3285// 3307// 3308//
f 3308// 3309// 3285//
f 3285// 3309// 3310//
f 3285// 3310// 3284//
f 3284// 3310// 3311//
f 3284// 3311// 3289//
f 3312// 153// 3281//
f 3313// 3314// 3286//
f 3286// 3314// 3315//
f 3286// 3315// 3316//
f 3317// 3318// 3286//
f 3286// 3318// 3319//
f 3286// 3319// 3313//
f 3316// 3320// 3286//
f 3286// 3320// 3321//
f 3286// 3321// 3288//
f 3288// 3321// 3322//
f 3322// 3323// 3288//
f 3288// 3323// 3324//
f 3288// 3324// 3325//
f 58// 3326// 3282//
f 3282// 3326// 3327//
f 3282// 3327// 3286//
f 3286// 3327// 3328//
f 3286// 3328// 3317//
f 3325// 3329// 3288//
f 3288// 3329// 3330//
f 3288// 3330// 3331//
f 3331// 3332// 3288//
f 3288// 3332// 3333//
f 3288// 3333// 3281//
f 3281// 3333// 3334//
f 3281// 3334// 3312//
f 58// 3283// 3326//
f 3326// 3283// 3289//
f 3326// 3289// 3327//
f 3327// 3289// 3311//
f 3327// 3311// 3328//
f 3328// 3311// 3310//
f 3328// 3310// 3317//
f 3317// 3310// 3309//
f 3317// 3309// 3318//
f 3318// 3309// 3308//
f 3318// 3308// 3319//
f 3319// 3308// 3307//
f 3319// 3307// 3313//
f 3313// 3307// 3306//
f 3313// 3306// 3314//
f 3314// 3306// 3305//
f 3314// 3305// 3315//
f 3315// 3305// 3304//
f 3315// 3304// 3316//
f 3316// 3304// 3303//
f 3316// 3303// 3320//
f 3320// 3303// 3300//
f 3320// 3300// 3321//
f 3321// 3300// 3301//
f 3321// 3301// 3322//
f 3322// 3301// 3302//
f 3322// 3302// 3323//
f 3323// 3302// 3292//
f 3323// 3292// 3324//
f 3324// 3292// 3293//
f 3324// 3293// 3325//
f 3325// 3293// 3294//
f 3325// 3294// 3329//
f 3329// 3294// 3299//
f 3329// 3299// 3330//
f 3330// 3299// 3298//
f 3330// 3298// 3331//
f 3331// 3298// 3291//
f 3331// 3291// 3332//
f 3332// 3291// 3290//
f 3332// 3290// 3333//
f 3333// 3290// 3297//
f 3333// 3297// 3334//
f 3334// 3297// 3296//
f 3334// 3296// 3312//
f 3312// 3296// 3295//
f 3312// 3295// 153//
f 153// 3295// 3279//
f 3335// 3336// 59//
f 59// 3336// 3337//
f 92// 3338// 3339//
f 3339// 3338// 3340//
f 3341// 3340// 3342//
f 3342// 3340// 3338//
f 3343// 3341// 3344//
f 3344// 3341// 3342//
f 3336// 3343// 3337//
f 3337// 3343// 3344//
f 3345// 3339// 3340//
f 3346// 3341// 3347//
f 3347// 3341// 3348//
f 3349// 3350// 3343//
f 3343// 3350// 3351//
f 3343// 3351// 3352//
f 3346// 3353// 3341//
f 3341// 3353// 3354//
f 3341// 3354// 3355//
f 3335// 3356// 3336//
f 3336// 3356// 3357//
f 3336// 3357// 3343//
f 3343// 3357// 3358//
f 3343// 3358// 3349//
f 3352// 3359// 3343//
f 3343// 3359// 3360//
f 3343// 3360// 3361//
f 3361// 3362// 3343//
f 3343// 3362// 3363//
f 3343// 3363// 3341//
f 3341// 3363// 3364//
f 3341// 3364// 3348//
f 3355// 3365// 3341//
f 3341// 3365// 3366//
f 3341// 3366// 3340//
f 3340// 3366// 3367//
f 3340// 3367// 3345//
f 3368// 59// 3337//
f 3369// 3370// 3344//
f 3371// 3372// 3342//
f 3342// 3372// 3373//
f 3342// 3373// 3374//
f 3344// 3375// 3376//
f 3377// 3378// 3342//
f 3342// 3378// 3379//
f 3342// 3379// 3371//
f 3374// 3380// 3342//
f 3342// 3380// 3381//
f 3342// 3381// 3344//
f 3344// 3381// 3382//
f 3344// 3382// 3369//
f 3370// 3383// 3344//
f 3344// 3383// 3384//
f 3344// 3384// 3375//
f 3376// 3385// 3344//
f 3344// 3385// 3386//
f 3344// 3386// 3337//
f 3337// 3386// 3387//
f 3337// 3387// 3368//
f 92// 3388// 3338//
f 3338// 3388// 3389//
f 3338// 3389// 3342//
f 3342// 3389// 3390//
f 3342// 3390// 3377//
f 92// 3339// 3388//
f 3388// 3339// 3345//
f 3388// 3345// 3389//
f 3389// 3345// 3367//
f 3389// 3367// 3390//
f 3390// 3367// 3366//
f 3390// 3366// 3377//
f 3377// 3366// 3365//
f 3377// 3365// 3378//
f 3378// 3365// 3355//
f 3378// 3355// 3379//
f 3379// 3355// 3354//
f 3379// 3354// 3371//
f 3371// 3354// 3353//
f 3371// 3353// 3372//
f 3372// 3353// 3346//
f 3372// 3346// 3373//
f 3373// 3346// 3347//
f 3373// 3347// 3374//
f 3374// 3347// 3348//
f 3374// 3348// 3380//
f 3380// 3348// 3364//
f 3380// 3364// 3381//
f 3381// 3364// 3363//
f 3381// 3363// 3382//
f 3382// 3363// 3362//
f 3382// 3362// 3369//
f 3369// 3362// 3361//
f 3369// 3361// 3370//
f 3370// 3361// 3360//
f 3370// 3360// 3383//
f 3383// 3360// 3359//
f 3383// 3359// 3384//
f 3384// 3359// 3352//
f 3384// 3352// 3375//
f 3375// 3352// 3351//
f 3375// 3351// 3376//
f 3376// 3351// 3350//
f 3376// 3350// 3385//
f 3385// 3350// 3349//
f 3385// 3349// 3386//
f 3386// 3349// 3358//
f 3386// 3358// 3387//
f 3387// 3358// 3357//
f 3387// 3357// 3368//
f 3368// 3357// 3356//
f 3368// 3356// 59//
f 59// 3356// 3335//
f 3391// 3392// 93//
f 93// 3392// 3393//
f 8// 3394// 3395//
f 3395// 3394// 3396//
f 3397// 3396// 3398//
f 3398// 3396// 3394//
f 3399// 3397// 3400//
f 3400// 3397// 3398//
f 3392// 3399// 3393//
f 3393// 3399// 3400//
f 3401// 3395// 3396//
f 3402// 3397// 3403//
f 3403// 3397// 3404//
f 3405// 3406// 3399//
f 3399// 3406// 3407//
f 3399// 3407// 3408//
f 3408// 3409// 3399//
f 3399// 3409// 3410//
f 3399// 3410// 3411//
f 3402// 3412// 3397//
f 3397// 3412// 3413//
f 3397// 3413// 3414//
f 3391// 3415// 3392//
f 3392// 3415// 3416//
f 3392// 3416// 3399//
f 3399// 3416// 3417//
f 3399// 3417// 3405//
f 3411// 3418// 3399//
f 3399// 3418// 3419//
f 3399// 3419// 3397//
f 3397// 3419// 3420//
f 3397// 3420// 3404//
f 3414// 3421// 3397//
f 3397// 3421// 3422//
f 3397// 3422// 3396//
f 3396// 3422// 3423//
f 3396// 3423// 3401//
f 3424// 93// 3393//
f 3425// 3426// 3398//
f 3398// 3426// 3427//
f 3398// 3427// 3428//
f 3429// 3430// 3400//
f 3400// 3430// 3431//
f 3431// 3432// 3400//
f 3400// 3432// 3433//
f 3400// 3433// 3434//
f 3435// 3436// 3398//
f 3398// 3436// 3437//
f 3398// 3437// 3425//
f 3434// 3438// 3400//
f 3400// 3438// 3439//
f 3400// 3439// 3393//
f 3393// 3439// 3440//
f 3393// 3440// 3424//
f 8// 3441// 3394//
f 3394// 3441// 3442//
f 3394// 3442// 3398//
f 3398// 3442// 3443//
f 3398// 3443// 3435//
f 3428// 3444// 3398//
f 3398// 3444// 3445//
f 3398// 3445// 3400//
f 3400// 3445// 3446//
f 3400// 3446// 3429//
f 8// 3395// 3441//
f 3441// 3395// 3401//
f 3441// 3401// 3442//
f 3442// 3401// 3423//
f 3442// 3423// 3443//
f 3443// 3423// 3422//
f 3443// 3422// 3435//
f 3435// 3422// 3421//
f 3435// 3421// 3436//
f 3436// 3421// 3414//
f 3436// 3414// 3437//
f 3437// 3414// 3413//
f 3437// 3413// 3425//
f 3425// 3413// 3412//
f 3425// 3412// 3426//
f 3426// 3412// 3402//
f 3426// 3402// 3427//
f 3427// 3402// 3403//
f 3427// 3403// 3428//
f 3428// 3403// 3404//
f 3428// 3404// 3444//
f 3444// 3404// 3420//
f 3444// 3420// 3445//
f 3445// 3420// 3419//
f 3445// 3419// 3446//
f 3446// 3419// 3418//
f 3446// 3418// 3429//
f 3429// 3418// 3411//
f 3429// 3411// 3430//
f 3430// 3411// 3410//
f 3430// 3410// 3431//
f 3431// 3410// 3409//
f 3431// 3409// 3432//
f 3432// 3409// 3408//
f 3432// 3408// 3433//
f 3433// 3408// 3407//
f 3433// 3407// 3434//
f 3434// 3407// 3406//
f 3434// 3406// 3438//
f 3438// 3406// 3405//
f 3438// 3405// 3439//
f 3439// 3405// 3417//
f 3439// 3417// 3440//
f 3440// 3417// 3416//
f 3440// 3416// 3424//
f 3424// 3416// 3415//
f 3424// 3415// 93//
f 93// 3415// 3391//
f 3447// 3448// 253//
f 253// 3448// 3449//
f 290// 3450// 3451//
f 3451// 3450// 3452//
f 3453// 3452// 3454//
f 3454// 3452// 3450//
f 3455// 3453// 3456//
f 3456// 3453// 3454//
f 3448// 3455// 3449//
f 3449// 3455// 3456//
f 3457// 3451// 3452//
f 3458// 3453// 3459//
f 3459// 3453// 3460//
f 3461// 3462// 3455//
f 3455// 3462// 3463//
f 3455// 3463// 3464//
f 3464// 3465// 3455//
f 3455// 3465// 3466//
f 3455// 3466// 3467//
f 3458// 3468// 3453//
f 3453// 3468// 3469//
f 3453// 3469// 3470//
f 3447// 3471// 3448//
f 3448// 3471// 3472//
f 3448// 3472// 3455//
f 3455// 3472// 3473//
f 3455// 3473// 3461//
f 3467// 3474// 3455//
f 3455// 3474// 3475//
f 3455// 3475// 3453//
f 3453// 3475// 3476//
f 3453// 3476// 3460//
f 3470// 3477// 3453//
f 3453// 3477// 3478//
f 3453// 3478// 3452//
f 3452// 3478// 3479//
f 3452// 3479// 3457//
f 3480// 253// 3449//
f 245// 3481// 3456//
f 3482// 242// 3454//
f 3454// 242// 3483//
f 3454// 3483// 243//
f 3456// 269// 3484//
f 3481// 270// 3456//
f 3456// 270// 3485//
f 3456// 3485// 269//
f 278// 3486// 3454//
f 3454// 3486// 277//
f 3454// 277// 3482//
f 290// 3487// 3450//
f 3450// 3487// 292//
f 3450// 292// 3454//
f 3454// 292// 3488//
f 3454// 3488// 278//
f 243// 3489// 3454//
f 3454// 3489// 244//
f 3454// 244// 3456//
f 3456// 244// 3490//
f 3456// 3490// 245//
f 3484// 267// 3456//
f 3456// 267// 3491//
f 3456// 3491// 3449//
f 3449// 3491// 266//
f 3449// 266// 3480//
f 290// 3451// 3487//
f 3487// 3451// 3457//
f 3487// 3457// 292//
f 292// 3457// 3479//
f 292// 3479// 3488//
f 3488// 3479// 3478//
f 3488// 3478// 278//
f 278// 3478// 3477//
f 278// 3477// 3486//
f 3486// 3477// 3470//
f 3486// 3470// 277//
f 277// 3470// 3469//
f 277// 3469// 3482//
f 3482// 3469// 3468//
f 3482// 3468// 242//
f 242// 3468// 3458//
f 242// 3458// 3483//
f 3483// 3458// 3459//
f 3483// 3459// 243//
f 243// 3459// 3460//
f 243// 3460// 3489//
f 3489// 3460// 3476//
f 3489// 3476// 244//
f 244// 3476// 3475//
f 244// 3475// 3490//
f 3490// 3475// 3474//
f 3490// 3474// 245//
f 245// 3474// 3467//
f 245// 3467// 3481//
f 3481// 3467// 3466//
f 3481// 3466// 270//
f 270// 3466// 3465//
f 270// 3465// 3485//
f 3485// 3465// 3464//
f 3485// 3464// 269//
f 269// 3464// 3463//
f 269// 3463// 3484//
f 3484// 3463// 3462//
f 3484// 3462// 267//
f 267// 3462// 3461//
f 267// 3461// 3491//
f 3491// 3461// 3473//
f 3491// 3473// 266//
f 266// 3473// 3472//
f 266// 3472// 3480//
f 3480// 3472// 3471//
f 3480// 3471// 253//
f 253// 3471// 3447//
f 3492// 3493// 291//
f 291// 3493// 3494//
f 272// 3495// 3496//
f 3496// 3495// 3497//
f 3498// 3497// 3499//
f 3499// 3497// 3495//
f 3500// 3498// 3501//
f 3501// 3498// 3499//
f 3493// 3500// 3494//
f 3494// 3500// 3501//
f 3502// 3496// 3497//
f 3503// 3504// 3500//
f 3500// 3504// 3505//
f 3500// 3505// 3506//
f 3507// 3508// 3500//
f 3500// 3508// 3509//
f 3500// 3509// 3503//
f 3510// 3498// 3511//
f 3511// 3498// 3500//
f 3511// 3500// 3512//
f 3512// 3500// 3506//
f 3510// 3513// 3498//
f 3498// 3513// 3514//
f 3498// 3514// 3515//
f 3492// 3516// 3493//
f 3493// 3516// 3517//
f 3493// 3517// 3500//
f 3500// 3517// 3518//
f 3500// 3518// 3507//
f 3515// 3519// 3498//
f 3498// 3519// 3520//
f 3498// 3520// 3521//
f 3521// 3522// 3498//
f 3498// 3522// 3523//
f 3498// 3523// 3497//
f 3497// 3523// 3524//
f 3497// 3524// 3502//
f 3525// 291// 3494//
f 3526// 254// 3499//
f 3499// 254// 3527//
f 3499// 3527// 212//
f 256// 3528// 3499//
f 3499// 3528// 255//
f 3499// 255// 3526//
f 3529// 3501// 211//
f 211// 3501// 3499//
f 211// 3499// 3530//
f 3530// 3499// 212//
f 3529// 237// 3501//
f 3501// 237// 3531//
f 3501// 3531// 279//
f 272// 3532// 3495//
f 3495// 3532// 271//
f 3495// 271// 3499//
f 3499// 271// 3533//
f 3499// 3533// 256//
f 279// 3534// 3501//
f 3501// 3534// 280//
f 3501// 280// 3535//
f 3535// 294// 3501//
f 3501// 294// 3536//
f 3501// 3536// 3494//
f 3494// 3536// 293//
f 3494// 293// 3525//
f 272// 3496// 3532//
f 3532// 3496// 3502//
f 3532// 3502// 271//
f 271// 3502// 3524//
f 271// 3524// 3533//
f 3533// 3524// 3523//
f 3533// 3523// 256//
f 256// 3523// 3522//
f 256// 3522// 3528//
f 3528// 3522// 3521//
f 3528// 3521// 255//
f 255// 3521// 3520//
f 255// 3520// 3526//
f 3526// 3520// 3519//
f 3526// 3519// 254//
f 254// 3519// 3515//
f 254// 3515// 3527//
f 3527// 3515// 3514//
f 3527// 3514// 212//
f 212// 3514// 3513//
f 212// 3513// 3530//
f 3530// 3513// 3510//
f 3530// 3510// 211//
f 211// 3510// 3511//
f 211// 3511// 3529//
f 3529// 3511// 3512//
f 3529// 3512// 237//
f 237// 3512// 3506//
f 237// 3506// 3531//
f 3531// 3506// 3505//
f 3531// 3505// 279//
f 279// 3505// 3504//
f 279// 3504// 3534//
f 3534// 3504// 3503//
f 3534// 3503// 280//
f 280// 3503// 3509//
f 280// 3509// 3535//
f 3535// 3509// 3508//
f 3535// 3508// 294//
f 294// 3508// 3507//
f 294// 3507// 3536//
f 3536// 3507// 3518//
f 3536// 3518// 293//
f 293// 3518// 3517//
f 293// 3517// 3525//
f 3525// 3517// 3516//
f 3525// 3516// 291//
f 291// 3516// 3492//
f 3537// 3538// 273//
f 273// 3538// 3539//
f 561// 3540// 3541//
f 3541// 3540// 3542//
f 3543// 3542// 3544//
f 3544// 3542// 3540//
f 3545// 3543// 3546//
f 3546// 3543// 3544//
f 3538// 3545// 3539//
f 3539// 3545// 3546//
f 3547// 3541// 3542//
f 3548// 3549// 3545//
f 3545// 3549// 3550//
f 3545// 3550// 3551//
f 3552// 3553// 3545//
f 3545// 3553// 3554//
f 3545// 3554// 3548//
f 3551// 3555// 3545//
f 3545// 3555// 3556//
f 3545// 3556// 3543//
f 3556// 3557// 3543//
f 3543// 3557// 3558//
f 3543// 3558// 3559//
f 3537// 3560// 3538//
f 3538// 3560// 3561//
f 3538// 3561// 3545//
f 3545// 3561// 3562//
f 3545// 3562// 3552//
f 3559// 3563// 3543//
f 3543// 3563// 3564//
f 3543// 3564// 3565//
f 3543// 3566// 3542//
f 3542// 3566// 3567//
f 3542// 3567// 3547//
f 3565// 3568// 3543//
f 3543// 3568// 3569//
f 3543// 3569// 3566//
f 3570// 273// 3539//
f 3571// 559// 3544//
f 3544// 559// 3572//
f 3544// 3572// 560//
f 3573// 3546// 535//
f 535// 3546// 3544//
f 535// 3544// 3574//
f 3574// 3544// 560//
f 3573// 533// 3546//
f 3546// 533// 3575//
f 3546// 3575// 284//
f 561// 3576// 3540//
f 3540// 3576// 540//
f 3540// 540// 3544//
f 3544// 540// 3577//
f 3544// 3577// 564//
f 284// 3578// 3546//
f 3546// 3578// 283//
f 3546// 283// 3579//
f 564// 3580// 3544//
f 3544// 3580// 558//
f 3544// 558// 3571//
f 3579// 282// 3546//
f 3546// 282// 3581//
f 3546// 3581// 3539//
f 3539// 3581// 281//
f 3539// 281// 3570//
f 561// 3541// 3576//
f 3576// 3541// 3547//
f 3576// 3547// 540//
f 540// 3547// 3567//
f 540// 3567// 3577//
f 3577// 3567// 3566//
f 3577// 3566// 564//
f 564// 3566// 3569//
f 564// 3569// 3580//
f 3580// 3569// 3568//
f 3580// 3568// 558//
f 558// 3568// 3565//
f 558// 3565// 3571//
f 3571// 3565// 3564//
f 3571// 3564// 559//
f 559// 3564// 3563//
f 559// 3563// 3572//
f 3572// 3563// 3559//
f 3572// 3559// 560//
f 560// 3559// 3558//
f 560// 3558// 3574//
f 3574// 3558// 3557//
f 3574// 3557// 535//
f 535// 3557// 3556//
f 535// 3556// 3573//
f 3573// 3556// 3555//
f 3573// 3555// 533//
f 533// 3555// 3551//
f 533// 3551// 3575//
f 3575// 3551// 3550//
f 3575// 3550// 284//
f 284// 3550// 3549//
f 284// 3549// 3578//
f 3578// 3549// 3548//
f 3578// 3548// 283//
f 283// 3548// 3554//
f 283// 3554// 3579//
f 3579// 3554// 3553//
f 3579// 3553// 282//
f 282// 3553// 3552//
f 282// 3552// 3581//
f 3581// 3552// 3562//
f 3581// 3562// 281//
f 281// 3562// 3561//
f 281// 3561// 3570//
f 3570// 3561// 3560//
f 3570// 3560// 273//
f 273// 3560// 3537//
f 3582// 3583// 562//
f 562// 3583// 3584//
f 585// 3585// 3586//
f 3586// 3585// 3587//
f 3588// 3587// 3589//
f 3589// 3587// 3585//
f 3590// 3588// 3591//
f 3591// 3588// 3589//
f 3583// 3590// 3584//
f 3584// 3590// 3591//
f 3592// 3586// 3587//
f 3593// 3594// 3590//
f 3595// 3590// 3596//
f 3596// 3590// 3597//
f 3595// 3598// 3590//
f 3590// 3598// 3599//
f 3590// 3599// 3593//
f 3600// 3588// 3601//
f 3601// 3588// 3590//
f 3601// 3590// 3602//
f 3602// 3590// 3594//
f 3600// 3603// 3588//
f 3588// 3603// 3604//
f 3588// 3604// 3605//
f 3605// 3606// 3588//
f 3588// 3606// 3607//
f 3588// 3607// 3608//
f 3582// 3609// 3583//
f 3583// 3609// 3610//
f 3583// 3610// 3590//
f 3590// 3610// 3611//
f 3590// 3611// 3597//
f 3608// 3612// 3588//
f 3588// 3612// 3613//
f 3588// 3613// 3587//
f 3587// 3613// 3614//
f 3587// 3614// 3592//
f 3615// 562// 3584//
f 3616// 543// 3591//
f 3591// 543// 3617//
f 3591// 3617// 565//
f 3589// 581// 3618//
f 3618// 580// 3589//
f 3589// 580// 3619//
f 3589// 3619// 579//
f 3616// 3591// 544//
f 544// 3591// 3589//
f 544// 3589// 3620//
f 565// 3621// 3591//
f 3591// 3621// 542//
f 3591// 542// 3622//
f 579// 3623// 3589//
f 3589// 3623// 545//
f 3589// 545// 3620//
f 585// 3624// 3585//
f 3585// 3624// 582//
f 3585// 582// 3589//
f 3589// 582// 3625//
f 3589// 3625// 581//
f 3622// 541// 3591//
f 3591// 541// 3626//
f 3591// 3626// 3584//
f 3584// 3626// 563//
f 3584// 563// 3615//
f 585// 3586// 3624//
f 3624// 3586// 3592//
f 3624// 3592// 582//
f 582// 3592// 3614//
f 582// 3614// 3625//
f 3625// 3614// 3613//
f 3625// 3613// 581//
f 581// 3613// 3612//
f 581// 3612// 3618//
f 3618// 3612// 3608//
f 3618// 3608// 580//
f 580// 3608// 3607//
f 580// 3607// 3619//
f 3619// 3607// 3606//
f 3619// 3606// 579//
f 579// 3606// 3605//
f 579// 3605// 3623//
f 3623// 3605// 3604//
f 3623// 3604// 545//
f 545// 3604// 3603//
f 545// 3603// 3620//
f 3620// 3603// 3600//
f 3620// 3600// 544//
f 544// 3600// 3601//
f 544// 3601// 3616//
f 3616// 3601// 3602//
f 3616// 3602// 543//
f 543// 3602// 3594//
f 543// 3594// 3617//
f 3617// 3594// 3593//
f 3617// 3593// 565//
f 565// 3593// 3599//
f 565// 3599// 3621//
f 3621// 3599// 3598//
f 3621// 3598// 542//
f 542// 3598// 3595//
f 542// 3595// 3622//
f 3622// 3595// 3596//
f 3622// 3596// 541//
f 541// 3596// 3597//
f 541// 3597// 3626//
f 3626// 3597// 3611//
f 3626// 3611// 563//
f 563// 3611// 3610//
f 563// 3610// 3615//
f 3615// 3610// 3609//
f 3615// 3609// 562//
f 562// 3609// 3582//
f 3627// 3628// 586//
f 586// 3628// 3629//
f 590// 3630// 3631//
f 3631// 3630// 3632//
f 3633// 3632// 3634//
f 3634// 3632// 3630//
f 3635// 3633// 3636//
f 3636// 3633// 3634//
f 3628// 3635// 3629//
f 3629// 3635// 3636//
f 3637// 3631// 3632//
f 3638// 3639// 3635//
f 3640// 3635// 3641//
f 3641// 3635// 3642//
f 3640// 3643// 3635//
f 3635// 3643// 3644//
f 3635// 3644// 3638//
f 3645// 3633// 3646//
f 3646// 3633// 3635//
f 3646// 3635// 3647//
f 3647// 3635// 3639//
f 3645// 3648// 3633//
f 3633// 3648// 3649//
f 3633// 3649// 3650//
f 3650// 3651// 3633//
f 3633// 3651// 3652//
f 3633// 3652// 3653//
f 3627// 3654// 3628//
f 3628// 3654// 3655//
f 3628// 3655// 3635//
f 3635// 3655// 3656//
f 3635// 3656// 3642//
f 3653// 3657// 3633//
f 3633// 3657// 3658//
f 3633// 3658// 3632//
f 3632// 3658// 3659//
f 3632// 3659// 3637//
f 3660// 586// 3629//
f 3661// 578// 3636//
f 3636// 578// 3662//
f 3636// 3662// 583//
f 3634// 575// 3663//
f 3663// 574// 3634//
f 3634// 574// 3664//
f 3634// 3664// 584//
f 3661// 3636// 577//
f 577// 3636// 3634//
f 577// 3634// 3665//
f 583// 3666// 3636//
f 3636// 3666// 589//
f 3636// 589// 3667//
f 584// 3668// 3634//
f 3634// 3668// 548//
f 3634// 548// 3665//
f 3667// 588// 3636//
f 3636// 588// 3669//
f 3636// 3669// 3629//
f 3629// 3669// 587//
f 3629// 587// 3660//
f 590// 3670// 3630//
f 3630// 3670// 592//
f 3630// 592// 3634//
f 3634// 592// 3671//
f 3634// 3671// 575//
f 590// 3631// 3670//
f 3670// 3631// 3637//
f 3670// 3637// 592//
f 592// 3637// 3659//
f 592// 3659// 3671//
f 3671// 3659// 3658//
f 3671// 3658// 575//
f 575// 3658// 3657//
f 575// 3657// 3663//
f 3663// 3657// 3653//
f 3663// 3653// 574//
f 574// 3653// 3652//
f 574// 3652// 3664//
f 3664// 3652// 3651//
f 3664// 3651// 584//
f 584// 3651// 3650//
f 584// 3650// 3668//
f 3668// 3650// 3649//
f 3668// 3649// 548//
f 548// 3649// 3648//
f 548// 3648// 3665//
f 3665// 3648// 3645//
f 3665// 3645// 577//
f 577// 3645// 3646//
f 577// 3646// 3661//
f 3661// 3646// 3647//
f 3661// 3647// 578//
f 578// 3647// 3639//
f 578// 3639// 3662//
f 3662// 3639// 3638//
f 3662// 3638// 583//
f 583// 3638// 3644//
f 583// 3644// 3666//
f 3666// 3644// 3643//
f 3666// 3643// 589//
f 589// 3643// 3640//
f 589// 3640// 3667//
f 3667// 3640// 3641//
f 3667// 3641// 588//
f 588// 3641// 3642//
f 588// 3642// 3669//
f 3669// 3642// 3656//
f 3669// 3656// 587//
f 587// 3656// 3655//
f 587// 3655// 3660//
f 3660// 3655// 3654//
f 3660// 3654// 586//
f 586// 3654// 3627//
f 3672// 3673// 591//
f 591// 3673// 3674//
f 538// 3675// 3676//
f 3676// 3675// 3677//
f 3678// 3677// 3679//
f 3679// 3677// 3675//
f 3680// 3678// 3681//
f 3681// 3678// 3679//
f 3673// 3680// 3674//
f 3674// 3680// 3681//
f 3682// 3676// 3677//
f 3683// 3678// 3684//
f 3684// 3678// 3685//
f 3686// 3687// 3680//
f 3680// 3687// 3688//
f 3680// 3688// 3689//
f 3689// 3690// 3680//
f 3680// 3690// 3691//
f 3680// 3691// 3678//
f 3678// 3691// 3692//
f 3678// 3692// 3685//
f 3683// 3693// 3678//
f 3678// 3693// 3694//
f 3678// 3694// 3695//
f 3696// 3697// 3680//
f 3680// 3697// 3698//
f 3680// 3698// 3686//
f 3695// 3699// 3678//
f 3678// 3699// 3700//
f 3678// 3700// 3677//
f 3677// 3700// 3701//
f 3677// 3701// 3682//
f 3672// 3702// 3673//
f 3673// 3702// 3703//
f 3673// 3703// 3680//
f 3680// 3703// 3704//
f 3680// 3704// 3696//
f 3705// 591// 3674//
f 3706// 549// 3679//
f 3679// 549// 3707//
f 3679// 3707// 530//
f 569// 3708// 3679//
f 3679// 3708// 550//
f 3679// 550// 3706//
f 3709// 3681// 529//
f 529// 3681// 3679//
f 529// 3679// 3710//
f 3710// 3679// 530//
f 3709// 547// 3681//
f 3681// 547// 3711//
f 3681// 3711// 546//
f 538// 3712// 3675//
f 3675// 3712// 537//
f 3675// 537// 3679//
f 3679// 537// 3713//
f 3679// 3713// 569//
f 546// 3714// 3681//
f 3681// 3714// 576//
f 3681// 576// 3715//
f 3715// 594// 3681//
f 3681// 594// 3716//
f 3681// 3716// 3674//
f 3674// 3716// 593//
f 3674// 593// 3705//
f 538// 3676// 3712//
f 3712// 3676// 3682//
f 3712// 3682// 537//
f 537// 3682// 3701//
f 537// 3701// 3713//
f 3713// 3701// 3700//
f 3713// 3700// 569//
f 569// 3700// 3699//
f 569// 3699// 3708//
f 3708// 3699// 3695//
f 3708// 3695// 550//
f 550// 3695// 3694//
f 550// 3694// 3706//
f 3706// 3694// 3693//
f 3706// 3693// 549//
f 549// 3693// 3683//
f 549// 3683// 3707//
f 3707// 3683// 3684//
f 3707// 3684// 530//
f 530// 3684// 3685//
f 530// 3685// 3710//
f 3710// 3685// 3692//
f 3710// 3692// 529//
f 529// 3692// 3691//
f 529// 3691// 3709//
f 3709// 3691// 3690//
f 3709// 3690// 547//
f 547// 3690// 3689//
f 547// 3689// 3711//
f 3711// 3689// 3688//
f 3711// 3688// 546//
f 546// 3688// 3687//
f 546// 3687// 3714//
f 3714// 3687// 3686//
f 3714// 3686// 576//
f 576// 3686// 3698//
f 576// 3698// 3715//
f 3715// 3698// 3697//
f 3715// 3697// 594//
f 594// 3697// 3696//
f 594// 3696// 3716//
f 3716// 3696// 3704//
f 3716// 3704// 593//
f 593// 3704// 3703//
f 593// 3703// 3705//
f 3705// 3703// 3702//
f 3705// 3702// 591//
f 591// 3702// 3672//
f 3717// 3718// 539//
f 539// 3718// 3719//
f 571// 3720// 3721//
f 3721// 3720// 3722//
f 3723// 3722// 3724//
f 3724// 3722// 3720//
f 3725// 3723// 3726//
f 3726// 3723// 3724//
f 3718// 3725// 3719//
f 3719// 3725// 3726//
f 3727// 3721// 3722//
f 3728// 3729// 3725//
f 3725// 3729// 3730//
f 3725// 3730// 3731//
f 3732// 3733// 3725//
f 3725// 3733// 3734//
f 3725// 3734// 3728//
f 3735// 3723// 3736//
f 3736// 3723// 3725//
f 3736// 3725// 3737//
f 3737// 3725// 3731//
f 3735// 3738// 3723//
f 3723// 3738// 3739//
f 3723// 3739// 3740//
f 3717// 3741// 3718//
f 3718// 3741// 3742//
f 3718// 3742// 3725//
f 3725// 3742// 3743//
f 3725// 3743// 3732//
f 3740// 3744// 3723//
f 3723// 3744// 3745//
f 3723// 3745// 3746//
f 3746// 3747// 3723//
f 3723// 3747// 3748//
f 3723// 3748// 3722//
f 3722// 3748// 3749//
f 3722// 3749// 3727//
f 3750// 539// 3719//
f 3751// 553// 3724//
f 3724// 553// 3752//
f 3724// 3752// 532//
f 554// 3753// 3724//
f 3724// 3753// 551//
f 3724// 551// 3751//
f 3754// 3726// 531//
f 531// 3726// 3724//
f 531// 3724// 3755//
f 3755// 3724// 532//
f 3754// 536// 3726//
f 3726// 536// 3756//
f 3726// 3756// 570//
f 571// 3757// 3720//
f 3720// 3757// 555//
f 3720// 555// 3724//
f 3724// 555// 3758//
f 3724// 3758// 554//
f 570// 3759// 3726//
f 3726// 3759// 568//
f 3726// 568// 3760//
f 3760// 567// 3726//
f 3726// 567// 3761//
f 3726// 3761// 3719//
f 3719// 3761// 566//
f 3719// 566// 3750//
f 571// 3721// 3757//
f 3757// 3721// 3727//
f 3757// 3727// 555//
f 555// 3727// 3749//
f 555// 3749// 3758//
f 3758// 3749// 3748//
f 3758// 3748// 554//
f 554// 3748// 3747//
f 554// 3747// 3753//
f 3753// 3747// 3746//
f 3753// 3746// 551//
f 551// 3746// 3745//
f 551// 3745// 3751//
f 3751// 3745// 3744//
f 3751// 3744// 553//
f 553// 3744// 3740//
f 553// 3740// 3752//
f 3752// 3740// 3739//
f 3752// 3739// 532//
f 532// 3739// 3738//
f 532// 3738// 3755//
f 3755// 3738// 3735//
f 3755// 3735// 531//
f 531// 3735// 3736//
f 531// 3736// 3754//
f 3754// 3736// 3737//
f 3754// 3737// 536//
f 536// 3737// 3731//
f 536// 3731// 3756//
f 3756// 3731// 3730//
f 3756// 3730// 570//
f 570// 3730// 3729//
f 570// 3729// 3759//
f 3759// 3729// 3728//
f 3759// 3728// 568//
f 568// 3728// 3734//
f 568// 3734// 3760//
f 3760// 3734// 3733//
f 3760// 3733// 567//
f 567// 3733// 3732//
f 567// 3732// 3761//
f 3761// 3732// 3743//
f 3761// 3743// 566//
f 566// 3743// 3742//
f 566// 3742// 3750//
f 3750// 3742// 3741//
f 3750// 3741// 539//
f 539// 3741// 3717//
f 3762// 3763// 572//
f 572// 3763// 3764//
f 522// 3765// 3766//
f 3766// 3765// 3767//
f 3768// 3767// 3769//
f 3769// 3767// 3765//
f 3770// 3768// 3771//
f 3771// 3768// 3769//
f 3763// 3770// 3764//
f 3764// 3770// 3771//
f 3772// 3766// 3767//
f 3773// 3768// 3774//
f 3774// 3768// 3775//
f 3776// 3777// 3770//
f 3770// 3777// 3778//
f 3770// 3778// 3779//
f 3779// 3780// 3770//
f 3770// 3780// 3781//
f 3770// 3781// 3782//
f 3773// 3783// 3768//
f 3768// 3783// 3784//
f 3768// 3784// 3785//
f 3762// 3786// 3763//
f 3763// 3786// 3787//
f 3763// 3787// 3770//
f 3770// 3787// 3788//
f 3770// 3788// 3776//
f 3782// 3789// 3770//
f 3770// 3789// 3790//
f 3770// 3790// 3768//
f 3768// 3790// 3791//
f 3768// 3791// 3775//
f 3785// 3792// 3768//
f 3768// 3792// 3793//
f 3768// 3793// 3767//
f 3767// 3793// 3794//
f 3767// 3794// 3772//
f 3795// 572// 3764//
f 3796// 524// 3769//
f 3769// 524// 3797//
f 3769// 3797// 517//
f 4// 3798// 3771//
f 3771// 3798// 557//
f 557// 3799// 3771//
f 3771// 3799// 552//
f 3771// 552// 3800//
f 526// 3801// 3769//
f 3769// 3801// 525//
f 3769// 525// 3796//
f 3800// 556// 3771//
f 3771// 556// 3802//
f 3771// 3802// 3764//
f 3764// 3802// 573//
f 3764// 573// 3795//
f 522// 3803// 3765//
f 3765// 3803// 521//
f 3765// 521// 3769//
f 3769// 521// 3804//
f 3769// 3804// 526//
f 517// 3805// 3769//
f 3769// 3805// 516//
f 3769// 516// 3771//
f 3771// 516// 3806//
f 3771// 3806// 4//
f 522// 3766// 3803//
f 3803// 3766// 3772//
f 3803// 3772// 521//
f 521// 3772// 3794//
f 521// 3794// 3804//
f 3804// 3794// 3793//
f 3804// 3793// 526//
f 526// 3793// 3792//
f 526// 3792// 3801//
f 3801// 3792// 3785//
f 3801// 3785// 525//
f 525// 3785// 3784//
f 525// 3784// 3796//
f 3796// 3784// 3783//
f 3796// 3783// 524//
f 524// 3783// 3773//
f 524// 3773// 3797//
f 3797// 3773// 3774//
f 3797// 3774// 517//
f 517// 3774// 3775//
f 517// 3775// 3805//
f 3805// 3775// 3791//
f 3805// 3791// 516//
f 516// 3791// 3790//
f 516// 3790// 3806//
f 3806// 3790// 3789//
f 3806// 3789// 4//
f 4// 3789// 3782//
f 4// 3782// 3798//
f 3798// 3782// 3781//
f 3798// 3781// 557//
f 557// 3781// 3780//
f 557// 3780// 3799//
f 3799// 3780// 3779//
f 3799// 3779// 552//
f 552// 3779// 3778//
f 552// 3778// 3800//
f 3800// 3778// 3777//
f 3800// 3777// 556//
f 556// 3777// 3776//
f 556// 3776// 3802//
f 3802// 3776// 3788//
f 3802// 3788// 573//
f 573// 3788// 3787//
f 573// 3787// 3795//
f 3795// 3787// 3786//
f 3795// 3786// 572//
f 572// 3786// 3762//
f 3807// 3808// 523//
f 523// 3808// 3809//
f 506// 3810// 3811//
f 3811// 3810// 3812//
f 3813// 3812// 3814//
f 3814// 3812// 3810//
f 3815// 3813// 3816//
f 3816// 3813// 3814//
f 3808// 3815// 3809//
f 3809// 3815// 3816//
f 3817// 3811// 3812//
f 3818// 3813// 3819//
f 3819// 3813// 3820//
f 3821// 3822// 3815//
f 3815// 3822// 3823//
f 3815// 3823// 3824//
f 3824// 3825// 3815//
f 3815// 3825// 3826//
f 3815// 3826// 3827//
f 3818// 3828// 3813//
f 3813// 3828// 3829//
f 3813// 3829// 3830//
f 3807// 3831// 3808//
f 3808// 3831// 3832//
f 3808// 3832// 3815//
f 3815// 3832// 3833//
f 3815// 3833// 3821//
f 3827// 3834// 3815//
f 3815// 3834// 3835//
f 3815// 3835// 3813//
f 3813// 3835// 3836//
f 3813// 3836// 3820//
f 3830// 3837// 3813//
f 3813// 3837// 3838//
f 3813// 3838// 3812//
f 3812// 3838// 3839//
f 3812// 3839// 3817//
f 3840// 523// 3809//
f 3841// 510// 3814//
f 3814// 510// 3842//
f 3814// 3842// 509//
f 520// 3843// 3816//
f 3816// 3843// 519//
f 519// 3844// 3816//
f 3816// 3844// 518//
f 3816// 518// 3845//
f 502// 3846// 3814//
f 3814// 3846// 515//
f 3814// 515// 3841//
f 3845// 527// 3816//
f 3816// 527// 3847//
f 3816// 3847// 3809//
f 3809// 3847// 528//
f 3809// 528// 3840//
f 506// 3848// 3810//
f 3810// 3848// 500//
f 3810// 500// 3814//
f 3814// 500// 3849//
f 3814// 3849// 502//
f 509// 3850// 3814//
f 3814// 3850// 511//
f 3814// 511// 3816//
f 3816// 511// 3851//
f 3816// 3851// 520//
f 506// 3811// 3848//
f 3848// 3811// 3817//
f 3848// 3817// 500//
f 500// 3817// 3839//
f 500// 3839// 3849//
f 3849// 3839// 3838//
f 3849// 3838// 502//
f 502// 3838// 3837//
f 502// 3837// 3846//
f 3846// 3837// 3830//
f 3846// 3830// 515//
f 515// 3830// 3829//
f 515// 3829// 3841//
f 3841// 3829// 3828//
f 3841// 3828// 510//
f 510// 3828// 3818//
f 510// 3818// 3842//
f 3842// 3818// 3819//
f 3842// 3819// 509//
f 509// 3819// 3820//
f 509// 3820// 3850//
f 3850// 3820// 3836//
f 3850// 3836// 511//
f 511// 3836// 3835//
f 511// 3835// 3851//
f 3851// 3835// 3834//
f 3851// 3834// 520//
f 520// 3834// 3827//
f 520// 3827// 3843//
f 3843// 3827// 3826//
f 3843// 3826// 519//
f 519// 3826// 3825//
f 519// 3825// 3844//
f 3844// 3825// 3824//
f 3844// 3824// 518//
f 518// 3824// 3823//
f 518// 3823// 3845//
f 3845// 3823// 3822//
f 3845// 3822// 527//
f 527// 3822// 3821//
f 527// 3821// 3847//
f 3847// 3821// 3833//
f 3847// 3833// 528//
f 528// 3833// 3832//
f 528// 3832// 3840//
f 3840// 3832// 3831//
f 3840// 3831// 523//
f 523// 3831// 3807//
